,fair_value,spx_actual,over_under_pct,over_under_pctile,over_under_zscore,r_f_mapped,erp_mapped,g_mapped,denom_raw,denom_smooth,denom_clipped,eps_raw,eps_smooth
1990-01-01,,339.96999999999997,,,,0.0664938763314651,0.04114196561954973,0.022948573733293905,0.08468726821772093,,,57.44623877551022,
1990-02-01,,330.44999999999993,,,,0.06912858326670461,0.04237082854581677,0.023200398753497223,0.08829901305902416,,,56.13460500000001,
1990-03-01,,338.46,,,,0.07039903172141276,0.045188458740676646,0.022517597652084716,0.09306989281000469,,,54.792603418803445,
1990-04-01,,338.1800000000001,,,,0.07191363229041171,0.04709269524840848,0.022132384836144943,0.09687394270267524,,,54.36247804034138,
1990-05-01,,350.2500000000001,,,,0.07185455064818029,0.04863232293827985,0.021601959721147656,0.09888491386531248,,,53.89219288390097,
1990-06-01,,360.39000000000016,,,,0.06945892493758783,0.04861948293711411,0.02102335738653958,0.09705505048816236,,,53.259327790608204,54.981240984860705
1990-07-01,,360.0299999999999,,,,0.06933918031718148,0.048386042249935424,0.02106740268143564,0.09665781988568126,,,53.454398466257686,54.76312062506027
1990-08-01,,330.75000000000006,,,,0.07113414924834341,0.04731059203142452,0.02172812372374799,0.09671661755601993,,,53.362617325227994,54.58805771258124
1990-09-01,,315.41000000000014,,,,0.07223831086508078,0.04612368216252337,0.022399988026736244,0.0959620050008679,,,53.312639939713684,54.44634462670707
1990-10-01,,307.11999999999995,,,,0.07084563620665821,0.044149694146703757,0.02282591237799734,0.09216941797536463,,,52.66823296329589,54.26853346036595
1990-11-01,,315.29,,,,0.06837988155996469,0.04313073476744142,0.022722673951142986,0.08878794237626313,,,52.22569760388641,54.082821109776894
1990-12-01,579.7089984371769,328.75000000000006,-0.4329051284588147,0.4655581947743468,,0.06588657049643362,0.04296142429560181,0.022258061526977766,0.08658993326505768,0.0929794847668462,0.0929794847668462,51.90149566517192,53.90104398939315
1991-01-01,572.5206585152579,325.48999999999995,-0.43147903021681877,0.4679334916864608,,0.06524894222265618,0.044077958070440786,0.021515993308643025,0.08781090698445394,0.09323978799740729,0.09323978799740729,51.214168791976235,53.381704824098655
1991-02-01,566.474839758202,362.2599999999999,-0.36050116514507624,0.5296912114014252,1.1545292315666977,0.06342460209930817,0.04726708398311601,0.019938788677031263,0.09075289740539291,0.09344427835960467,0.09344427835960467,50.76013843175074,52.93383261007788
1991-03-01,561.1619283327858,372.28000000000003,-0.33659077495502,0.5605700712589073,1.0914302357147538,0.06592544891229449,0.049787412354311916,0.019718895843077518,0.09599396542352889,0.09368795107739836,0.09368795107739836,50.475947555555585,52.57411128814056
1991-04-01,556.6638880922097,379.6799999999999,-0.3179367152749326,0.5724465558194775,1.0816039267128936,0.06641987285881445,0.04997609565410301,0.020047179379567525,0.09634878913334995,0.09364418827995459,0.09364418827995459,49.013197924556216,52.12833794515846
1991-05-01,551.7855301368683,377.9900000000001,-0.3149693506710095,0.5771971496437055,0.9402538118399922,0.06716831028648781,0.05050443139757666,0.020160419125748456,0.09751232255831602,0.0935298056710382,0.0935298056710382,47.652858411504454,51.60839340579208
1991-06-01,543.3884824263741,378.2899999999999,-0.3038313982828005,0.5843230403800475,0.972545531028325,0.06921169843970656,0.052584736308967005,0.019940009989620634,0.10185642475905295,0.09392992019361242,0.09392992019361242,46.443848382352954,51.04043678843749
1991-07-01,532.8005017210797,380.22999999999996,-0.28635577712152793,0.5961995249406176,1.0956473049296502,0.06922333106144761,0.05359946409707464,0.019607723327215273,0.10321507183130697,0.09447635785574791,0.09447635785574791,45.01376740088108,50.33705086632276
1991-08-01,522.9203523631526,389.39999999999986,-0.2553359259393041,0.6175771971496437,1.3493847965058419,0.06628017636816927,0.052643545840655,0.019327761591297104,0.09959596061752717,0.09471630311087352,0.09471630311087352,43.666998096632504,49.529082597273145
1991-09-01,512.8572608153152,387.1999999999998,-0.24501410122487421,0.6294536817102138,1.2915661280418607,0.06415175179915313,0.051747306473011394,0.01917384599993594,0.09672521227222858,0.09477990371682023,0.09477990371682023,42.26639037900874,48.60856180054773
1991-10-01,500.489394140617,386.87999999999994,-0.22699660666275268,0.6437054631828979,1.3464231265127358,0.0628693090914519,0.05222735971225717,0.018645950764528334,0.09645071803918073,0.09513667872213825,0.09513667872213825,40.744275687045125,47.6148986941935
1991-11-01,485.76368132653187,385.92000000000013,-0.20553961764674722,0.6508313539192399,1.4256493339984262,0.06151961387600962,0.05296441110103371,0.017964634754812015,0.09651939022223131,0.0957809660426356,0.0957809660426356,39.16988926415097,46.52691466588221
1991-12-01,470.53779331193255,388.5099999999998,-0.17432774684169572,0.6817102137767221,1.590316880911161,0.05844223213889576,0.05246853342476773,0.01733967900171385,0.09357108656194965,0.09636272881737658,0.09636272881737658,37.68618897751994,45.34230577524455
1992-01-01,456.08756130276174,416.08,-0.08771903620542676,0.7434679334916865,2.2141820623211994,0.05795928427118202,0.053826779247870216,0.016722726902197782,0.09506333661685445,0.09696709795340996,0.09696709795340996,37.812346275162945,44.22548723217677
1992-02-01,441.584515273857,412.55999999999995,-0.06572810927452233,0.7505938242280285,1.9098313588457403,0.06037783776555312,0.055864520492821874,0.016495785645110776,0.09974657261326422,0.09771657088739925,0.09771657088739925,37.855786720057736,43.150124589535686
1992-03-01,428.3865967129467,407.3600000000001,-0.049083227333174606,0.7624703087885986,1.6674328468882103,0.06209002697073322,0.056968816782570854,0.016479026302496407,0.10257981745080767,0.09826539188967248,0.09826539188967248,37.821374156496795,42.09557680628079
1992-04-01,417.6612649440604,407.40999999999997,-0.02454444738952133,0.7838479809976246,1.551685431069674,0.06137382822726898,0.05641927645140666,0.01645152921689027,0.10134157546178538,0.0986814574170421,0.0986814574170421,38.45134422508962,41.215422331325236
1992-05-01,409.5099341691694,414.81,0.012942459727096844,0.8099762470308789,1.5581825562993321,0.06047909678238828,0.05598255145696502,0.016370112564895577,0.10009153567445772,0.09889639184338724,0.09889639184338724,39.05644939584826,40.49905491335389
1992-06-01,405.2751721620505,408.27000000000004,0.007389615855253995,0.8028503562945368,1.278940811895823,0.05889546557165175,0.054754906083775715,0.016342678399763753,0.09730769325566371,0.09851733088477148,0.09851733088477148,39.574728245363794,39.92662823527146
1992-07-01,405.40113247486397,415.0499999999999,0.023800790753178758,0.8194774346793349,1.224512368432982,0.05498352791348287,0.05234077737510967,0.016216068569845563,0.09110823671874699,0.09750842795872482,0.09750842795872482,40.25455402135231,39.53002712031073
1992-08-01,407.6035121037351,417.93,0.025334639152070793,0.8242280285035629,1.0671373788144756,0.052794202188909206,0.0502090192543128,0.016512084639419382,0.08649113680380263,0.09641635930758109,0.09641635930758109,40.90243278921222,39.2996466780257
1992-09-01,411.8610237095429,418.47999999999985,0.01607089748585877,0.8147268408551069,0.8475901918231799,0.05157744199007761,0.04839524959275417,0.016955190954244,0.08301750062858779,0.09527405000394436,0.09527405000394436,41.54664345364472,39.2396677675787
1992-10-01,417.8905413534232,412.4999999999999,-0.012899409821444996,0.7909738717339667,0.40913130328668634,0.053970354710257684,0.047557056660993434,0.01808103274982041,0.08344637862143071,0.09419035505246519,0.09419035505246519,42.2033640338505,39.361258463145816
1992-11-01,425.05653767783195,422.84,-0.005214689062168931,0.7957244655581948,0.38478217201487913,0.057820386781981134,0.0478202401790032,0.019292807911860985,0.08634781904912335,0.09334272412137284,0.09334272412137284,42.946009295774665,39.67593513244779
1992-12-01,433.8834867121762,435.63999999999993,0.004048352476223593,0.8004750593824228,0.46220229297144105,0.05732461686138677,0.04705293136096603,0.019551759813266328,0.08482578840908646,0.09261394927530094,0.09261394927530094,43.77892614517266,40.18366322975219
1993-01-01,444.25030846760563,435.2299999999999,-0.02030456320609053,0.7885985748218527,-0.4530659033853625,0.05440559501920892,0.04733226762885939,0.018377754663166046,0.08336010798490226,0.09163868022263826,0.09163868022263826,44.13453099579244,40.710511956471315
1993-02-01,459.0863482807512,441.70000000000016,-0.03787162991420201,0.7672209026128266,-1.3559863993181092,0.05095125480105365,0.0458184771711763,0.017981331471933846,0.0787884005002961,0.0898921658798909,0.0898921658798909,44.54883731656189,41.26826617284666
1993-03-01,478.2961718694108,450.15999999999997,-0.05882583538028574,0.7529691211401425,-2.043034655211859,0.04894877042779016,0.043657971528349285,0.01842536932300476,0.07418137263313468,0.08752562881175148,0.08752562881175148,44.96025849582173,41.863173201123736
1993-04-01,497.0828114011049,443.0800000000001,-0.10863946642791666,0.7292161520190024,-2.434723220606885,0.048965196268578745,0.04333195426055984,0.018580546819097956,0.07371660371004063,0.08522354783243942,0.08522354783243942,44.45119486111114,42.36316075412552
1993-05-01,514.7182599588454,445.25000000000017,-0.1349636594676077,0.7078384798099763,-2.1218080263363093,0.05001220336269846,0.04354621341504725,0.018890525090041157,0.07466789168770455,0.08310491083354332,0.08310491083354332,44.00590152565884,42.77561509827641
1993-06-01,531.564087616675,448.06,-0.15709128882478607,0.6888361045130641,-1.8789493942528053,0.05013139178561968,0.042560480591519845,0.019487648334592808,0.07320422404254671,0.08109628839911691,0.08109628839911691,43.5618416897507,43.10787455197532
1993-07-01,548.0681987955894,447.29000000000013,-0.18387893882012318,0.667458432304038,-1.7732419924372798,0.04935283809584532,0.04027188857443611,0.02030663735351752,0.0693180893167639,0.07928044278228498,0.07928044278228498,44.37313310249311,43.45108947540371
1993-08-01,564.3550047145795,454.12999999999994,-0.1953114684795353,0.6555819477434679,-1.5623437480371964,0.04881801901751038,0.03856631645514794,0.020982555985998342,0.06640177948665998,0.0776063296725231,0.0776063296725231,45.05960566298344,43.79752054821799
1993-09-01,582.6585106646044,459.2400000000001,-0.21181963089121958,0.6460807600950119,-1.461811200175024,0.04635306126805304,0.03605329183136244,0.0213887675955111,0.061017585503904376,0.07577300341213282,0.07577300341213282,45.77382067539631,44.14978531669729
1993-10-01,603.5682101116212,463.8999999999998,-0.23140418559451925,0.6389548693586699,-1.398428648329688,0.046886564827867065,0.0346938193990131,0.022217987639134937,0.059362396587745225,0.07376600490932568,0.07376600490932568,46.67972683596431,44.522815550206765
1993-11-01,625.4150440438173,462.89000000000016,-0.25986750013712556,0.6152019002375297,-1.4376131556585634,0.051219509933328,0.035215728769733626,0.023341238574428994,0.06309400012863264,0.07182818666595146,0.07182818666595146,47.74136502057616,44.92242852727356
1993-12-01,647.4312045051163,465.9500000000001,-0.28030963481878646,0.5985748218527316,-1.4330245593200244,0.05169939852962708,0.03513716953119098,0.023477396784745513,0.06335917127607255,0.07003930190486697,0.07003930190486697,48.85733895747602,45.34562959496551
1994-01-01,668.2573727060044,472.98999999999995,-0.2922038434313108,0.5914489311163895,-1.362578898640489,0.05018326985083801,0.03685135752640464,0.02211208051628981,0.06492254686095285,0.06850283847787118,0.06850283847787118,49.31729822571821,45.77752686412598
1994-02-01,683.4174701151632,471.5800000000001,-0.3099678884115534,0.5795724465558195,-1.390034783990911,0.05200513168723355,0.03818767704040258,0.022010187990619226,0.0681826207370169,0.06761902349759792,0.06761902349759792,49.762778591683734,46.21202197038614
1994-03-01,690.4872015519303,463.8100000000001,-0.3282858842893154,0.5676959619952494,-1.4585340969868827,0.057829431042349534,0.03908150923948607,0.02344121713325698,0.07346972314857864,0.06755971937388491,0.06755971937388491,50.2054536684783,46.649121568107525
1994-04-01,696.2726110832759,447.23,-0.35767974658059587,0.5391923990498813,-1.592048583474606,0.0623817720438759,0.03975073640372137,0.02435396454406312,0.07777854390353416,0.06789821439000937,0.06789821439000937,51.96974029850748,47.27566702122388
1994-05-01,703.6999116070892,450.9000000000001,-0.3592439155346092,0.5320665083135392,-1.3927894331735446,0.06422422006309003,0.04029681688959604,0.024583618631959497,0.07993741832072658,0.06833734160942788,0.06833734160942788,53.765672271186475,48.08898125001786
1994-06-01,713.3454896042994,454.83,-0.36239871615043195,0.5249406175771971,-1.2542294591808703,0.06284351634320641,0.04002381540646509,0.024143578565845297,0.0787237531838262,0.06879730237120117,0.06879730237120117,55.40901081081082,49.076245343439524
1994-07-01,718.6317632251645,451.40000000000015,-0.37186188657435426,0.5130641330166271,-1.214088950568147,0.0641077360129984,0.04059000379815185,0.024137077713073166,0.0805606620980771,0.06973418343631059,0.06973418343631059,56.816579380053945,50.11319919990294
1994-08-01,722.80757058663,464.24000000000007,-0.35772670501607606,0.5368171021377672,-0.8618079397424356,0.06393118554672457,0.04008211638866912,0.02435146009741631,0.07966184183797737,0.07083918863225372,0.07083918863225372,58.13843731543627,51.203101837607335
1994-09-01,721.317511848871,466.9599999999998,-0.3526290540165947,0.5486935866983373,-0.6582491229196473,0.0661462224269242,0.0405033895426952,0.02480609279762258,0.08184351917199681,0.07257468310459475,0.07257468310459475,59.529276706827304,52.349389840226586
1994-10-01,718.2399542097668,463.8100000000001,-0.354240881085068,0.5463182897862233,-0.587997535885877,0.06848534383021553,0.04091308582652608,0.025166103542631168,0.08423232611411043,0.07464717723179184,0.07464717723179184,61.86207063545155,53.614585156850524
1994-11-01,718.2763013079534,461.01000000000005,-0.3581717799118269,0.5344418052256532,-0.5869730457438522,0.06972665730025697,0.041321976463605255,0.025157080593168006,0.08589155317069422,0.07654697331863031,0.07654697331863031,64.14886559786244,54.98187687162437
1994-12-01,722.7464542705347,455.19,-0.37019407385481873,0.5154394299287411,-0.9042645579768673,0.06769397986146013,0.03951766072720828,0.025097829390140138,0.08211381119852829,0.07810985997883496,0.07810985997883496,66.5183086172345,56.45362434327092
1995-01-01,729.1564548456635,465.24999999999994,-0.361933921165826,0.5273159144893111,-0.46948436659398635,0.06716354437431388,0.03958337987721119,0.024908135070587183,0.08183878918093788,0.07951954683883371,0.07951954683883371,67.66009647371924,57.98219086393767
1995-02-01,741.0546977539891,481.92,-0.34968363136942837,0.5558194774346793,0.6582270937356381,0.06405913533084755,0.03881742525958651,0.02433531001557078,0.07854125057486327,0.08038276599198758,0.08038276599198758,68.79280450629558,59.568026356821996
1995-03-01,760.0498633544311,493.15000000000015,-0.3511609911703498,0.5534441805225653,1.1202449731981785,0.061168697955499944,0.03798863736799643,0.023800026121577476,0.07535730920191891,0.08054006482976593,0.08054006482976593,69.96272060766186,61.21446526842062
1995-04-01,783.181860859568,507.91,-0.3514788513582886,0.5510688836104513,0.9548353949147008,0.05988840683235068,0.037450867371747916,0.0237121957179083,0.0736270784861903,0.08019410937832061,0.08019410937832061,71.07501883212642,62.80657181288887
1995-05-01,813.1862551806804,523.8099999999998,-0.3558548282599594,0.5415676959619953,0.3103020819422942,0.05650666638671909,0.03470438482636927,0.024019946243870716,0.06719110496921765,0.0791319165990282,0.0791319165990282,72.27465360972407,64.34898692443366
1995-06-01,848.4775706585928,539.3500000000003,-0.36433204759749405,0.5225653206650831,-0.819341725035757,0.052704915534208106,0.03197715917992359,0.024168893783848826,0.060513180930282864,0.07761436891123293,0.07761436891123293,73.46978190163941,65.85405118200272
1995-07-01,883.9819609469242,557.3699999999998,-0.3694780836896906,0.517814726840855,-1.6245415222273607,0.054256856066458276,0.03277145489048291,0.02443310086869786,0.06259521008824333,0.07611724791041345,0.07611724791041345,74.00325403278688,67.28627406973045
1995-08-01,916.0686791925414,559.1100000000002,-0.3896636652910985,0.503562945368171,-2.5153965903611253,0.0562887783099503,0.033718434746109006,0.024650999608866433,0.06535621344719286,0.07492511221118141,0.07492511221118141,74.34173145846964,68.6365485816499
1995-09-01,953.7203807270881,578.7700000000002,-0.3931449807555092,0.498812351543943,-2.006636278573284,0.05397741703153418,0.03278539041231526,0.02447930227822877,0.06228350516562067,0.07329511104398338,0.07329511104398338,74.7271882506528,69.90304121030204
1995-10-01,993.8704484515026,582.9200000000002,-0.4134849256176021,0.48931116389548696,-2.2343981324867968,0.052921833600658254,0.03215853820069582,0.02454600105672557,0.060534370744628516,0.0713202814298599,0.0713202814298599,73.62301717241385,70.88312008838223
1995-11-01,1035.1923442242971,595.5300000000002,-0.4247156064062182,0.47743467933491684,-1.9922874779030137,0.052030902726044034,0.03236456530722736,0.024300486161071094,0.06009498187220029,0.06917056715498542,0.06917056715498542,72.80952331119798,71.60484156449353
1995-12-01,1072.824065214729,614.57,-0.42714745136054344,0.4750593824228028,-1.6324379895027346,0.050632099795442934,0.031783936108570575,0.024313282748599282,0.058102753155414216,0.06716964565139256,0.06716964565139256,71.99475752442999,72.06121230675981
1996-01-01,1112.3357364822177,614.42,-0.44763080080200013,0.45368171021377673,-1.7663691321725756,0.05070694101368634,0.03089120397876282,0.024820623183157628,0.056777521809291534,0.06508120670375538,0.06508120670375538,71.63137267227982,72.39215198997319
1996-02-01,1141.2133137928117,649.5399999999998,-0.43083383960772437,0.47030878859857483,-1.0831897518881424,0.05267842527416561,0.033079317565246805,0.024644801824851174,0.06111294101456124,0.0636288475737302,0.0636288475737302,71.45603653582958,72.61408799243435
1996-03-01,1153.6030294607385,647.07,-0.43908781142636355,0.46080760095011875,-1.1232676742384626,0.05683008408058323,0.035966482774306106,0.02461516411736129,0.06818140273752804,0.0630308553683643,0.0630308553683643,71.14469312780993,72.7125857024467
1996-04-01,1157.481308838651,647.1699999999997,-0.44088082022738473,0.45605700712589076,-1.0170431712700088,0.05943651427073521,0.036978803080170944,0.02497666861554719,0.07143864873535896,0.06284848622246168,0.06284848622246168,71.4753674984005,72.74594809130288
1996-05-01,1145.6459434667752,661.2299999999998,-0.42283215528255735,0.47980997624703087,-0.329954404686849,0.06226168472150417,0.0379480731874583,0.02551857715946437,0.0746911807494981,0.06347349253748506,0.06347349253748506,71.94106743295018,72.71814924323839
1996-06-01,1119.4199197532614,668.5,-0.4028157010576081,0.49406175771971494,0.5907731321819687,0.06378771562338867,0.03914582459693321,0.025444151941650263,0.0774893882786716,0.06488817648318411,0.06488817648318411,72.49739872367584,72.63711731174142
1996-07-01,1099.1681386977586,644.0699999999998,-0.4140386922395123,0.48693586698337293,0.35007458021819693,0.062318389113417444,0.03875975744393783,0.024947382424167164,0.07613076413318812,0.06601613932026285,0.06601613932026285,73.11189005987261,72.56283698066522
1996-08-01,1086.9655853553122,662.6799999999998,-0.39033948367060767,0.501187648456057,1.6415848017052022,0.0602732190696851,0.03808070884733251,0.024672429309660956,0.07368149860735665,0.06670991308360982,0.06670991308360982,73.72424437762238,72.51137972392796
1996-09-01,1067.632743748596,674.8799999999998,-0.3678725161328331,0.5201900237529691,2.22193330898548,0.06235914318955667,0.03895775182937372,0.02499394984476995,0.07632294517416044,0.06787986641765481,0.06787986641765481,74.23984790874526,72.47076802876899
1996-10-01,1055.1996145173123,701.4599999999999,-0.3352347836851003,0.5629453681710214,2.3132803785158247,0.059962118111443995,0.03735844658270622,0.025053304401897594,0.07226726029225261,0.06885760721329015,0.06885760721329015,75.876047883765,72.65852058804826
1996-11-01,1051.0113249592307,735.6700000000002,-0.30003608664394055,0.5866983372921615,2.212361410259449,0.057352017077882386,0.03569544097117176,0.025102036715956715,0.06794542133309743,0.06951181050169825,0.06951181050169825,77.59967692307698,73.05770005570484
1996-12-01,1046.7339276177959,743.2500000000003,-0.289934165321724,0.5938242280285035,1.8182222504017858,0.05839592964412007,0.035674385391809296,0.025420442724792176,0.06864987231113719,0.0703907370980085,0.0703907370980085,79.4668293820934,73.68037271051013
1997-01-01,1037.0102755747066,766.22,-0.2611259328405746,0.6128266033254157,1.797252338352434,0.06130240877342039,0.0373565739810293,0.025653451966058727,0.07300553078839096,0.07174307117960012,0.07174307117960012,80.24652432055314,74.3983020145329
1997-02-01,1035.468611811277,798.3899999999999,-0.22895779660242055,0.6413301662707839,1.7664509266951316,0.06039752020072805,0.036921091081062854,0.02568604127445488,0.07163257000733601,0.07261970692899801,0.07261970692899801,81.02153784837094,75.19542712391134
1997-03-01,1039.7227983106402,792.1600000000001,-0.23810461664674898,0.6342042755344418,1.3617187199858591,0.06289043086808653,0.03795826452953234,0.025943692329418153,0.07490500306820072,0.07318000695655406,0.07318000695655406,81.84262700000005,76.08692161326051
1997-04-01,1045.4017999590883,763.9300000000003,-0.2692474797442509,0.6057007125890737,0.8086531903193936,0.06429697648233036,0.038434557942524386,0.026043375809690565,0.07668815861516418,0.07361746611320451,0.07361746611320451,81.95028713732842,76.95983158317118
1997-05-01,1054.2884613666397,833.0900000000001,-0.20980829201137918,0.6484560570071259,1.3872495934688587,0.063072829698045,0.039384213018558656,0.025470461024615216,0.07698658169198844,0.0738087495250787,0.0738087495250787,82.2116441011868,77.81571297219091
1997-06-01,1067.8251439966596,876.2900000000003,-0.17936938933632984,0.6769596199524941,1.5023270469868149,0.061122295569676896,0.03934888966565119,0.02501221315241153,0.07545897208291655,0.07363954817543243,0.07363954817543243,82.31877666874615,78.63416113428009
1997-07-01,1082.1026769546506,925.2899999999996,-0.14491478516250156,0.7030878859857482,1.6677869687083933,0.0590104791322541,0.038729473793395496,0.024798866166087,0.0729410867595626,0.07337374172763032,0.07337374172763032,82.2770245482866,79.39792234164793
1997-08-01,1091.9879931632083,927.2399999999999,-0.15086978446161836,0.6935866983372921,1.3887626217490923,0.060181817161688446,0.038573326645610834,0.025296981985229994,0.07345816182206928,0.07335513032885636,0.07335513032885636,82.18423495024877,80.10292155603345
1997-09-01,1106.310458679515,937.0200000000001,-0.15302256012437854,0.6912114014251781,1.2104680186855772,0.05982455501492426,0.037775026305586316,0.02562125592039438,0.0719783254001162,0.07299307868101934,0.07299307868101934,82.04086550868492,80.75300635602844
1997-10-01,1115.3988862820374,951.1600000000003,-0.14724677270343622,0.7007125890736342,1.1515348515654602,0.05831642214332547,0.03712224519862615,0.025517268358050266,0.06992139898390135,0.07279759023865674,0.07279759023865674,81.22018452599016,81.19835107621385
1997-11-01,1119.2087497309499,938.9200000000003,-0.16108590088693442,0.684085510688836,0.7822650734798043,0.05665721372086938,0.0363621253829321,0.025319786342424058,0.06769955276137742,0.0727771011910134,0.0727771011910134,80.65268520495361,81.45276843303692
1997-12-01,1121.2570475380828,962.3699999999998,-0.14170439141225244,0.7054631828978623,1.0105184394730788,0.0558999783115784,0.03672547871607311,0.02497600579723256,0.06764945123041896,0.07269373276762021,0.07269373276762021,80.13393031618104,81.50836017754422
1998-01-01,1131.8671923287245,963.36,-0.14887541000462667,0.6983372921615202,0.7325685786991375,0.053082994527353045,0.035869241543526977,0.02446154998289354,0.06449068608798647,0.07198416237591986,0.07198416237591986,79.86434331683171,81.47651176056742
1998-02-01,1135.9272549777154,1023.7399999999999,-0.09876271080397347,0.7363420427553444,1.5190500093779984,0.052949083461669995,0.03792074678124282,0.02357988422840717,0.06728994601450564,0.07162227704318398,0.07162227704318398,79.59575540457074,81.35769655691742
1998-03-01,1138.9541361555553,1076.8299999999995,-0.0545448970976572,0.7553444180522565,1.911946435315995,0.05325818945896835,0.03997036564100901,0.022815367171113838,0.07041318792886352,0.07124795911490588,0.07124795911490588,79.32816103575833,81.14815772656394
1998-04-01,1142.2874740697969,1112.1999999999998,-0.02633966908750207,0.7814726840855107,2.11429496222093,0.05317368591865557,0.04076087424393795,0.022498134799325723,0.0714364253632678,0.07081031467724785,0.07081031467724785,78.80122030769233,80.88573549076092
1998-05-01,1144.9835271568193,1108.4199999999998,-0.031933670912814405,0.7767220902612827,1.65184678223046,0.05339252932842358,0.04074686058507037,0.022590723040043732,0.07154866687345021,0.07035715510903633,0.07035715510903633,78.27622162162163,80.55778361746384
1998-06-01,1148.3469172351013,1108.39,-0.03479516218958145,0.7719714964370546,1.3306399773970239,0.05234640606347765,0.03955936685700704,0.022853909756184565,0.06905186316430012,0.06982322936581829,0.06982322936581829,77.80085558282211,80.18129019363683
1998-07-01,1147.4870402025651,1156.5799999999997,0.007924237467491935,0.8052256532066508,1.6434890984960961,0.05251978717741481,0.039585299520382915,0.02302973041577233,0.0690753562820254,0.06950108515935687,0.06950108515935687,77.12067622916668,79.75159450037684
1998-08-01,1151.3499191116596,1074.6199999999994,-0.06664343987695953,0.7482185273159145,0.3540878119227298,0.051117461161857766,0.03782530423656267,0.02327021534101284,0.0656725500574076,0.0688522841789684,0.0688522841789684,76.4419627870257,79.27307182010826
1998-09-01,1165.2971992554237,1020.6399999999999,-0.12413760141863706,0.7125890736342043,-0.6599887101372165,0.0460843061922722,0.0339859626064949,0.023366487068825607,0.05670378172994149,0.06757940553978717,0.06757940553978717,75.76510770171151,78.75009200286046
1998-10-01,1183.5597678301453,1032.4699999999998,-0.12765706636610574,0.7102137767220903,-0.7699378399581857,0.04410027278015824,0.032047537303440655,0.023717168993840153,0.052430641089758735,0.06612184238194195,0.06612184238194195,75.32890950853658,78.25915241807267
1998-11-01,1191.1065958680415,1144.4299999999996,-0.039187589112480214,0.7648456057007126,0.6630259335995468,0.04788600861291629,0.03427901639334216,0.02417333940517173,0.05799168560108671,0.06531285345191772,0.06531285345191772,75.07770268658537,77.79457054154197
1998-12-01,1202.2552159414536,1190.0500000000004,-0.010151934281187991,0.7933491686460807,1.0431866411657087,0.046813042467752426,0.03350162473317117,0.02430979636522923,0.05600487083569436,0.06434247175235734,0.06434247175235734,74.87195106772428,77.35607227083725
1999-01-01,1207.0139810984763,1248.7700000000002,0.034594478237545134,0.828978622327791,1.6455414995062625,0.0481018966224819,0.03401840885237637,0.024594427289721506,0.05752587818513676,0.06376207109378652,0.06376207109378652,75.13201135472885,76.96171127399535
1999-02-01,1210.9196259119974,1246.5799999999995,0.02944900167188602,0.8266033254156769,1.2837920381714243,0.05077155904778892,0.03543632596443533,0.024782630803837486,0.061425254208386765,0.06327334677660995,0.06327334677660995,75.482469023818,76.61893740893261
1999-03-01,1214.3115347513192,1281.66,0.05546226262478293,0.8432304038004751,1.4422109749310028,0.05306978129987204,0.037044180850479676,0.024814265214907375,0.06529969693544435,0.06284722252715835,0.06284722252715835,75.69419903030307,76.31610724181134
1999-04-01,1222.8040822893145,1334.7599999999995,0.09155670915089109,0.8622327790973872,1.628769457891833,0.05340286981667122,0.03648337550974841,0.025266377645616754,0.06461986768080288,0.06227917605361962,0.06227917605361962,76.87070204572805,76.15523071998099
1999-05-01,1228.826677910054,1332.0700000000004,0.08401780653520552,0.8551068883610451,1.2624760088660527,0.057712066468149234,0.03690849746649141,0.026476344277696972,0.06814421965694367,0.06199547211891074,0.06199547211891074,78.59373357400727,76.18169004934646
1999-06-01,1227.901781687784,1322.5500000000004,0.07708126148503491,0.8527315914489311,0.9943049876099823,0.061973806156488315,0.03733987948977641,0.027652507874905585,0.07166117777135914,0.062212915002832325,0.062212915002832325,80.31676510228647,76.39134917596849
1999-07-01,1232.8483699645528,1380.9899999999996,0.12016208452277555,0.8764845605700713,1.3082921553125397,0.06171381034860279,0.03639907713851635,0.02808416021509488,0.07002872727202426,0.062292362585332224,0.062292362585332224,81.98893821235754,76.79703767456773
1999-08-01,1234.2088381421474,1327.4900000000007,0.07557972279494396,0.850356294536817,0.650047293797934,0.06301178586534922,0.036205910280595846,0.028487455289428355,0.07073024085651672,0.06271383681859131,0.06271383681859131,83.70117079593065,77.40197167530981
1999-09-01,1225.570251277049,1318.1700000000005,0.07555645922905052,0.8479809976247031,0.5326015566422058,0.06299530456727813,0.03549062784997852,0.02877778959780131,0.06970814281945534,0.06379753357605081,0.06379753357605081,85.2017586658726,78.18835925565656
1999-10-01,1212.317215459793,1300.0100000000004,0.07233485050111099,0.8456057007125891,0.373552265677367,0.06505974399564422,0.0354121289890401,0.029414046753834487,0.07105782623084983,0.06534979900447506,0.06534979900447506,87.76483476020617,79.22468635996236
1999-11-01,1212.460365577705,1391.0,0.14725399649433135,0.8859857482185273,1.843533904885374,0.06482539002252191,0.03524290332272548,0.02951029659452469,0.07055799675072269,0.06639699160027807,0.06639699160027807,90.42611487423255,80.50372070893296
1999-12-01,1207.7224125088953,1428.68,0.18295395134060022,0.9073634204275535,2.1618722330065627,0.06698112372956716,0.03675636004048928,0.029481215506041967,0.07425626826401448,0.0679179413859714,0.0679179413859714,93.1395428401664,82.02602002330313
2000-01-01,1199.4681151761847,1425.5899999999997,0.18851846244416492,0.9144893111638955,1.7825709299040935,0.07047184307768774,0.038620653229962144,0.02968568615276094,0.07940681015488896,0.06974135238345076,0.06974135238345076,94.6501129936809,83.6525284932158
2000-02-01,1201.5093720989141,1388.8699999999992,0.1559377165521274,0.8931116389548693,0.9730688256883977,0.06873233183745803,0.03769534145647736,0.029457106250303688,0.0769705670436317,0.07103679511972118,0.07103679511972118,95.8686283078131,85.3513751002154
2000-03-01,1214.143285032636,1442.2099999999996,0.187841680449794,0.9121140142517815,1.3783619720962637,0.06617921122837792,0.0367852981255895,0.029113763797300744,0.07385074555666668,0.07174938250482303,0.07174938250482303,96.84606950934581,87.11403097346897
2000-04-01,1230.392786499704,1461.3600000000001,0.1877182766629879,0.9097387173396675,1.1495463002907793,0.0640452030463628,0.035127640007029434,0.029235676360793522,0.06993716669259871,0.07219249075580601,0.07219249075580601,97.40376874878385,88.82511986539028
2000-05-01,1241.8865079147229,1418.4800000000002,0.1421977700537218,0.8812351543942993,0.1600066290127311,0.06771772073109818,0.03727882706963029,0.029321173676008967,0.0756753741247195,0.07282008696145399,0.07282008696145399,97.90369722060258,90.43428350260655
2000-06-01,1261.7218750230288,1461.96,0.15870226944691468,0.8954869358669834,0.38476917902026286,0.06440731005270868,0.03629264104963288,0.028758844692951025,0.07194110640939054,0.07284341434795662,0.07284341434795662,98.00291508120652,91.90812933418323
2000-07-01,1279.2032951766953,1473.0000000000002,0.15149797186579006,0.8907363420427553,0.17019926745867509,0.06369609540761184,0.03617332519077794,0.028571457076086774,0.07129796352230301,0.07294918403547984,0.07294918403547984,98.89342538580253,93.31683659863698
2000-08-01,1301.3414870127067,1485.4600000000003,0.14148362656903113,0.8788598574821853,-0.19823540032911657,0.06122540420838113,0.03530440599742184,0.028158621836231953,0.06837118836957101,0.07275259632823437,0.07275259632823437,100.01079429012348,94.6759718898197
2000-09-01,1321.8507529402254,1468.0499999999995,0.11060193197649548,0.8717339667458432,-1.2023050182042976,0.06056094363840048,0.03519299508924363,0.02793920462032802,0.06781473410731609,0.07259481226888943,0.07259481226888943,100.60418307426599,95.95950725718582
2000-10-01,1341.6425926868264,1390.14,0.036147784497547075,0.831353919239905,-2.639949823861173,0.060164313111244566,0.03406061067717895,0.02829672640495147,0.06592819738347204,0.07216734319827463,0.07216734319827463,98.1241249042146,96.82278143585319
2000-11-01,1355.8139693548096,1378.0400000000004,0.016393127042176436,0.8171021377672208,-2.119699308788214,0.0601821559211185,0.03375734332151567,0.02849736349020742,0.06544213575242674,0.07174102144841663,0.07174102144841663,95.76248631054956,97.26747905554627
2000-12-01,1381.603979438686,1330.9299999999998,-0.03667764438495169,0.7695961995249406,-2.1040155556553333,0.05565116246032915,0.031075980349702503,0.028272105306653042,0.058455037503378604,0.07042425221836363,0.07042425221836363,93.5109195402299,97.2984271138849
2001-01-01,1412.2592359967161,1335.6300000000003,-0.054260035299138254,0.7577197149643705,-1.7865638216138915,0.055087716900017375,0.030984723564500997,0.02823248978535873,0.05783995067915964,0.06862701392871952,0.06862701392871952,90.09859874357514,96.91913425970942
2001-02-01,1435.6520673852312,1305.75,-0.09048297309376863,0.7387173396674585,-1.6990845339343046,0.0543326258481079,0.030993646598017007,0.02800320360201998,0.05732306884410493,0.06698972241209229,0.06698972241209229,86.92621888509673,96.17393347448306
2001-03-01,1456.2146824966396,1185.85,-0.18566265382869718,0.66270783847981,-1.959745227499043,0.05171453402058201,0.029576772903249317,0.027667133040274752,0.05362417388355657,0.06530417477266644,0.06530417477266644,83.92164540295123,95.09689813228351
2001-04-01,1451.7324644147595,1189.8400000000001,-0.1803999502899708,0.672209026128266,-1.5553498202161204,0.054097168811199144,0.03235971570327835,0.027269477998391946,0.059187406516085554,0.06440836142462368,0.06440836142462368,78.28550228000758,93.50370925988547
2001-05-01,1437.9239686151243,1270.3699999999994,-0.11652491527524744,0.7244655581947743,-0.8917740491916978,0.05696568492982333,0.03554799755505041,0.02697669287870216,0.06553698960617158,0.06356349604807802,0.06356349604807802,72.65288006002628,91.39947449650413
2001-06-01,1411.1878511024522,1238.71,-0.12222175167374671,0.7173396674584323,-0.7960780046895143,0.05657205820039724,0.035180087289209926,0.02714562219149946,0.0646065232981077,0.06295228078880445,0.06295228078880445,67.25914730337081,88.83749384835114
2001-07-01,1375.036755802754,1204.45,-0.12405977882617725,0.7149643705463183,-0.685789668984468,0.05634108504930192,0.03529649162220893,0.02711581915692854,0.0645217575145823,0.062387596954827734,0.062387596954827734,62.26636623474181,85.7852389190961
2001-08-01,1327.7859905471148,1178.5000000000002,-0.11243226815911889,0.7268408551068883,-0.4554554741830335,0.0531326407156915,0.035558140679292,0.026007505973459823,0.06268327542152367,0.06191360420915712,0.06191360420915712,57.08412277934275,82.2080162931977
2001-09-01,1274.4221584019122,1044.64,-0.18030301567421902,0.6745843230403801,-1.1448702684053593,0.04933963079183167,0.035759641320046213,0.02457239932058534,0.06052687279129254,0.061306282432821824,0.061306282432821824,51.66900493550198,78.13008478163403
2001-10-01,1219.133063918725,1076.59,-0.11692166190665121,0.7220902612826603,-0.13601641321762345,0.04771493917620589,0.0358874826745698,0.024084989885156564,0.05951743196561912,0.060772051981334084,0.060772051981334084,49.63372271618836,74.08921793263184
2001-11-01,1163.0357571770414,1129.6800000000003,-0.028679906848266934,0.7790973871733967,1.5648176440757318,0.051314492367550084,0.03415821757354967,0.0263489743754975,0.05912373556560226,0.06024551863243204,0.06024551863243204,47.50417966929727,70.06769237919416
2001-12-01,1089.092044161711,1144.9299999999998,0.05127018982244791,0.8408551068883611,2.2762439922989284,0.05776189133820661,0.03426501209148492,0.028598429756420015,0.06342847367327151,0.06065997164658978,0.06065997164658978,45.470121222410874,66.0642925193759
2002-01-01,1020.5793291538134,1140.2099999999998,0.11721839491436192,0.8741092636579573,2.223361054893462,0.05726555758753256,0.03411813731085488,0.02850082383618698,0.06288287106220046,0.06108021501184318,0.06108021501184318,45.37354684735554,62.3372048613576
2002-02-01,956.8585237575905,1100.6699999999998,0.15029544354964885,0.8883610451306413,1.8954303799579881,0.05466521190157742,0.034984053632762815,0.02712191770410109,0.06252734783023915,0.06151390492735437,0.06151390492735437,45.20101166104237,58.86010425935308
2002-03-01,884.6885110523085,1153.79,0.30417653850574355,0.9192399049881235,2.1861011754790733,0.056998902107581184,0.03884397086804823,0.02604787477754703,0.06979499819808238,0.06286147362023152,0.06286147362023152,44.954276286353476,55.61282349963659
2002-04-01,831.4134404458547,1111.93,0.33739719122620304,0.9263657957244655,1.8255882328339184,0.05586044392669853,0.03849641371302445,0.02574349341300207,0.06861336422672092,0.0636469700961178,0.0636469700961178,45.934976863181326,52.91694638156773
2002-05-01,796.2248586642501,1079.25,0.35545881073162433,0.9311163895486936,1.534587598406833,0.055003714227978166,0.03792019672059576,0.025642966105400563,0.06728094484317336,0.06379229969920129,0.06379229969920129,47.16570122358177,50.793014811864026
2002-06-01,773.1449984261155,1014.0200000000002,0.3115521694691574,0.9239904988123515,1.1024892546175025,0.05202002152214952,0.036291293710534786,0.025285110289514315,0.06302620494316999,0.06366060650295648,0.06366060650295648,48.369523735408585,49.218879514533846
2002-07-01,765.2260959742708,903.5899999999997,0.18081440864816134,0.9026128266033254,0.3475361570365973,0.04849964370608459,0.033482415185660586,0.025188121500762488,0.056793937390982686,0.06301662149265651,0.06301662149265651,50.30337101610216,48.22196324631387
2002-08-01,771.8119997985688,912.55,0.18234751498831536,0.9049881235154394,0.24432057822633518,0.045098513824107504,0.0302762904792602,0.025579479835139182,0.04979532446822853,0.061942625579881914,0.061942625579881914,52.11730448256782,47.80806172158264
2002-09-01,794.8235287822035,867.8100000000003,0.09182726551845244,0.8646080760095012,-0.46613719994407515,0.041639060758425786,0.02644417216112671,0.026132985031888364,0.04195024788766413,0.060394573504579545,0.060394573504579545,54.00860066298347,48.00302803220609
2002-10-01,817.0634785763733,854.63,0.045977482054492924,0.838479809976247,-1.012145146392031,0.042186702902227695,0.02708522677755472,0.026030350854295788,0.04324157882548662,0.0590382524095685,0.0590382524095685,52.45338492369922,48.23799988283199
2002-11-01,836.8615658987588,909.9300000000003,0.08731245056375436,0.8598574821852731,-0.8513473192024917,0.04346320901079878,0.028846526115194386,0.025783991559115763,0.046525743566877414,0.05798841974300809,0.05798841974300809,50.9875380768524,48.528279750128256
2002-12-01,863.885623270445,899.1800000000003,0.04085538152138701,0.836104513064133,-1.237811044193339,0.043504309860693244,0.028818238631487733,0.02584529785474569,0.04647725063743528,0.05657581782335507,0.05657581782335507,49.63119192924271,48.875035642364246
2003-01-01,894.7253218056779,895.8399999999998,0.0012458328463000878,0.7980997624703088,-1.372831474626473,0.0437383186577434,0.02823191793086845,0.026152347790812425,0.045817888797799425,0.05515373596798833,0.05515373596798833,51.04244909190975,49.347444162743756
2003-02-01,934.8896132654985,837.03,-0.10467504599145383,0.7339667458432304,-1.7216459564557596,0.042305094777883176,0.025950428610849806,0.026601283364637886,0.04165424002409509,0.05341431031747632,0.05341431031747632,52.269488694702375,49.93648391554876
2003-03-01,994.9848912636123,846.6299999999998,-0.14910265730287076,0.6959619952494062,-1.6069969166260651,0.04160923028177002,0.02495726863871643,0.026830897959778385,0.039735600960708065,0.050909360547695126,0.050909360547695126,53.56500412595006,50.65404456884847
2003-04-01,1058.92747769641,890.0299999999997,-0.15949862597184628,0.6864608076009501,-1.4056547605972127,0.04320784882577247,0.025366819154626574,0.027177812392457333,0.04139685558794171,0.04864131816113019,0.04864131816113019,56.17798226332971,51.50762835219417
2003-05-01,1140.3228251582966,935.9600000000004,-0.17921488603889613,0.6793349168646081,-1.3462761207914908,0.03972532430805338,0.023174087989852637,0.02710561379932988,0.03579379849857614,0.046017389299080426,0.046017389299080426,58.7703134604905,52.47467937193656
2003-06-01,1230.5249203998017,988.0000000000005,-0.19709062074175954,0.6532066508313539,-1.3201998718706744,0.037482371620836084,0.022300876342002493,0.02680585326618803,0.03297739469665055,0.04351332177853714,0.04351332177853714,61.20409308655421,53.544226817865365
2003-07-01,1292.9141414058981,992.5400000000004,-0.23232334753433415,0.6365795724465558,-1.3382883151371852,0.04313337700710384,0.025653929375326467,0.026971864130089045,0.04181544225234125,0.042265113850317025,0.042265113850317025,63.51460982417985,54.64516338520517
2003-08-01,1323.1169826206324,989.5299999999999,-0.25212206252535074,0.6199524940617577,-1.3060119818360074,0.04700663103116707,0.028302236214081587,0.02686927624103039,0.04843959100421827,0.0421521360616495,0.0421521360616495,65.64182878295416,55.77220707690403
2003-09-01,1338.9501503230554,1019.44,-0.2386273680509804,0.6318289786223278,-1.0339306902434393,0.045336131906252984,0.027573294201682762,0.026648235893179176,0.04626119021475657,0.04251138125557386,0.04251138125557386,67.78955961123113,56.92062032259134
2003-10-01,1377.8816210659834,1038.7299999999996,-0.2461398830500423,0.6270783847980997,-0.9366199769545549,0.04573155534805744,0.026003041116197542,0.027399821305088768,0.044334775159166215,0.04260248095004717,0.04260248095004717,73.8200472072072,58.70117551288367
2003-11-01,1446.6025755564415,1049.8999999999996,-0.27423051932826026,0.6033254156769596,-1.0772602039855683,0.04594331619887375,0.02441861231065789,0.02807113428945399,0.04229079422007766,0.04224956850448052,0.04224956850448052,79.99344729900632,61.11833461472983
2003-12-01,1536.1862749488675,1080.6399999999999,-0.2965436434224298,0.5890736342042755,-1.2329931371462597,0.0454808784338598,0.023426123695137017,0.028281633312718883,0.04062536881627793,0.041761911686050736,0.041761911686050736,86.06008312533913,64.15407554773786
2004-01-01,1629.9960009873773,1132.52,-0.30520074937977093,0.5819477434679335,-1.378602689019978,0.04469736232524835,0.022993126184011593,0.028316337220063985,0.03937415128919596,0.041224933560333785,0.041224933560333785,87.55126465082799,67.19647684431439
2004-02-01,1717.962515023132,1143.3600000000001,-0.3344674345326999,0.5653206650831354,-1.628110176979716,0.04433692084066807,0.02201967872489709,0.028664170681130533,0.03769242888443464,0.040894782632028746,0.040894782632028746,88.98021002506272,70.2557036218444
2004-03-01,1817.4099653619353,1123.9800000000002,-0.3815484555372949,0.5083135391923991,-1.9109451243565292,0.042170556418474024,0.01984697680018443,0.02892334473270991,0.03309418848594854,0.04034133159246545,0.04034133159246545,90.29741728922097,73.31673805211699
2004-04-01,1897.6000661361718,1133.3600000000004,-0.4027403243573293,0.49643705463182897,-1.8057601898797562,0.0470251914633735,0.022300435549451568,0.029295749218480775,0.040029877794344304,0.04022741677633234,0.04022741677633234,92.40371046099298,76.3355487352556
2004-05-01,1935.814407193516,1102.7799999999997,-0.4303276203017953,0.47268408551068886,-1.771350621939745,0.050020093840386665,0.023922749914126528,0.02935209708204846,0.04459074667246474,0.04096049579082305,0.04096049579082305,94.24674316939894,79.29191787766463
2004-06-01,1957.9021713742763,1132.7600000000002,-0.4214419818509616,0.4821852731591449,-1.3952201409113525,0.0498961220611108,0.02449827709903634,0.0290257484113704,0.045368650748776745,0.04199310046183357,0.04199310046183357,96.3216694781234,82.21838257696207
2004-07-01,2026.6225802609297,1105.8500000000004,-0.45433845908416703,0.4513064133016627,-1.5029850230778399,0.04711003753629127,0.02303464103474688,0.028695345928330302,0.04144933264270785,0.04196259132769745,0.04196259132769745,97.40204023231264,85.04233511097313
2004-08-01,2138.4297238098416,1088.9399999999998,-0.4907758773293066,0.43942992874109266,-1.5801680707661088,0.0450226258590224,0.021182457724673438,0.02883178339147251,0.03737330019222333,0.041040400426697876,0.041040400426697876,98.27795324538259,87.76201214950883
2004-09-01,2253.600431989625,1117.6600000000003,-0.5040558281162303,0.4180522565320665,-1.4573392622534167,0.044175335171864505,0.019978842005581657,0.029214018163370273,0.03494015901407589,0.04009698115997448,0.04009698115997448,98.99630258030548,90.36257406359836
2004-10-01,2357.824654206499,1117.2099999999996,-0.526169175469927,0.39429928741092635,-1.4633499688143898,0.044604890589567334,0.01897853517327893,0.029872015663577958,0.0337114100992683,0.03921170073831633,0.03921170073831633,98.92093525405971,92.45431473416942
2004-11-01,2434.854032881977,1168.9399999999998,-0.5199137261561416,0.40617577197149646,-1.2060595347862382,0.046431438460279,0.019351993733764766,0.03044449662171677,0.035338935572327,0.0386323791843371,0.0386323791843371,99.31212157068065,94.06420425680894
2004-12-01,2489.892818371292,1199.2099999999998,-0.5183688265005574,0.4085510688836104,-1.0386645851204879,0.0471844352575885,0.019517942327635013,0.030676964016324797,0.03602541356889872,0.038249049580388834,0.038249049580388834,100.12203836048343,95.23603385973763
2005-01-01,2536.3425155913533,1181.41,-0.5342072323680022,0.38954869358669836,-1.1330164037192556,0.04619404336015342,0.02003091939645225,0.030008586520520773,0.036216376236084896,0.037985901659296245,0.037985901659296245,100.86194679251882,96.3452573715452
2005-02-01,2579.922935484101,1199.6300000000006,-0.5350132426436606,0.38717339667458434,-1.0521687676195963,0.04675265044005231,0.018831895449369578,0.030844743645378675,0.034739802244043216,0.037739849439263624,0.037739849439263624,101.22795936739665,97.36590315007301
2005-03-01,2584.006842292418,1194.9,-0.5375786238476299,0.3824228028503563,-0.9762177182153124,0.05192471859803234,0.017840542547397652,0.03309807671967705,0.036667184425752945,0.038037599100914,0.038037599100914,101.37957558199693,98.28941634113768
2005-04-01,2649.663490350346,1164.4299999999996,-0.5605366476759525,0.332541567695962,-1.2922296221945908,0.051157227194015095,0.015321481566854084,0.033987866047187176,0.03249084271368201,0.03740934617752547,0.03740934617752547,102.39685954093866,99.12217876446651
2005-05-01,2768.8336081698176,1178.2799999999995,-0.574448967780756,0.31116389548693585,-1.3938965160882635,0.04968440063783091,0.013540438204483444,0.03436099278636719,0.028863846055947162,0.03609877112614901,0.03609877112614901,104.1984864883402,99.95149070771159
2005-06-01,2915.9741282500017,1202.2499999999995,-0.5877021032688242,0.2992874109263658,-1.627938497148605,0.048473684576311946,0.012692516818668936,0.0343918345198877,0.026774366875093186,0.03454924747000871,0.03454924747000871,105.8403222622108,100.74471177305223
2005-07-01,3030.437200191561,1222.2399999999998,-0.5966786574812575,0.28028503562945367,-1.7068475301293524,0.05048777695355407,0.013302249805185936,0.03478859968946221,0.029001427069277788,0.0335119220055562,0.0335119220055562,107.13480010235418,101.55577509555569
2005-08-01,3119.241622603621,1224.2700000000004,-0.6075103669019054,0.26365795724465557,-1.6786903265850588,0.05193761776737402,0.012749447962964091,0.03552981071027453,0.029157255020063583,0.032827251574542894,0.032827251574542894,108.36220570264773,102.39612946699445
2005-09-01,3198.5594690967855,1225.9200000000005,-0.6167274637710025,0.24465558194774348,-1.5980336443238041,0.051443296421477845,0.012346037202262928,0.035551016569962,0.028238317053778772,0.03226876474451813,0.03226876474451813,108.80550533199201,103.21356302963498
2005-10-01,3248.6678936753174,1191.9600000000003,-0.633092689369519,0.19477434679334918,-1.6241283641484208,0.053251409542951995,0.013476716116182078,0.03545078985336138,0.0312773358057727,0.03206592522006017,0.03206592522006017,110.41667981927715,104.1715417434031
2005-11-01,3302.66454104288,1237.3699999999997,-0.6253419066263157,0.21377672209026127,-1.2102603210886416,0.0535997509916133,0.01465769612403322,0.03501812973523611,0.03323931738041041,0.03189095703740045,0.03189095703740045,113.15521649797572,105.32513298734436
2005-12-01,3370.0623967631095,1262.0699999999995,-0.625505450221872,0.21140142517814728,-1.0554820953863508,0.05243178861235922,0.01495835209336615,0.0344648045758052,0.03292533612992017,0.0316326172508189,0.0316326172508189,115.4671694105691,106.60389390818483
2006-01-01,3440.4009109410736,1278.7299999999998,-0.6283194798799709,0.20190023752969122,-0.9752574282056649,0.051622487149102635,0.015309996033631779,0.034033913327330266,0.032898569855404146,0.031356133385762174,0.031356133385762174,116.14725826189276,107.87766986396599
2006-02-01,3477.8630382457795,1276.6500000000003,-0.632921139803154,0.19714964370546317,-0.9795930550992844,0.05247949181206138,0.016537566636208038,0.03366197479980877,0.03535508364846064,0.031407406836130296,0.031407406836130296,117.46383335010913,109.23065936252537
2006-03-01,3505.88879355823,1293.7399999999998,-0.6309808792631597,0.1995249406175772,-0.8479560839008395,0.053491388142468344,0.018194527760596102,0.03318843436942061,0.03849748153364384,0.031559931595121195,0.031559931595121195,118.35898928928931,110.64561050479972
2006-04-01,3452.2343852959043,1302.17,-0.6228037106789938,0.2209026128266033,-0.3933532285672177,0.05572245384414257,0.020223962811545645,0.0329512830737502,0.042995133581938016,0.03243528916747587,0.03243528916747587,118.34018021505379,111.97422056097598
2006-05-01,3354.92373479855,1290.0100000000004,-0.615487533555674,0.2494061757719715,0.21243333128837158,0.056763958089576814,0.02072818152038027,0.03300713319253917,0.04448500641741791,0.03373705253093177,0.03373705253093177,118.73069909465026,113.18523827816848
2006-06-01,3256.258502491963,1253.1700000000003,-0.6151503331074701,0.2517814726840855,0.5187985037581285,0.056743394724999216,0.01981741789598741,0.033334007542800005,0.043226805078186624,0.03510808904785622,0.03510808904785622,119.46962454411045,114.3210134683268
2006-07-01,3189.584526332082,1260.2400000000002,-0.6048889786127616,0.2684085510688836,1.7445804696988996,0.05673867289552831,0.019143826561787133,0.033635800506517356,0.042246698950798085,0.03621186170464958,0.03621186170464958,121.2921636363637,115.50079376282758
2006-08-01,3153.346490416447,1287.1500000000005,-0.5918145995335854,0.28741092636579574,2.3070202318506365,0.05518594925012736,0.01758794814832513,0.03390965589016138,0.03886424150829112,0.0370207772453352,0.0370207772453352,123.22473653751847,116.73933799906682
2006-09-01,3135.6524506164023,1317.7399999999996,-0.5797557220536479,0.30641330166270786,2.1988280971624055,0.053981794208743904,0.016368861208675117,0.03411772504604915,0.036232930371369876,0.037686995021801124,0.037686995021801124,126.01326890093642,118.17331829647885
2006-10-01,3137.13831233361,1363.3799999999997,-0.565406474225286,0.32304038004750596,2.1154364041692424,0.05410920874558517,0.016702040315749143,0.034053812716399734,0.036757436344934585,0.038143670066731285,0.038143670066731285,128.28048513379585,119.66196873935542
2006-11-01,3161.6423899022548,1388.6399999999994,-0.5607852411028273,0.33016627078384797,1.7650729504462424,0.05287479242638162,0.016111349805741606,0.033949395236449006,0.03503674699567422,0.03829345586800327,0.03829345586800327,130.05415156327538,121.07021332813038
2006-12-01,3181.632224039298,1416.4200000000003,-0.5548134101427478,0.3491686460807601,1.5791164043326689,0.052478601367729666,0.016318497455738188,0.03373820110808063,0.03505889771538722,0.03847125266679219,0.03847125266679219,131.44113567889005,122.4013771838238
2007-01-01,3180.8388509325673,1424.16,-0.552269050165034,0.35391923990498814,1.3715870206577736,0.05420020031450251,0.017508714991385167,0.03373652829427663,0.03797238701161104,0.03889407076314277,0.03889407076314277,131.9199883079072,123.715771354325
2007-02-01,3195.550009346132,1444.8000000000002,-0.5478712597911641,0.3681710213776722,1.2832017433933671,0.0539696483348379,0.01751314930643093,0.033698663962044954,0.037784133679223876,0.0390964915990397,0.0390964915990397,132.09210623475636,124.93479409471227
2007-03-01,3247.0418395325346,1406.9499999999996,-0.5666979147387416,0.32066508313539194,0.539564247218159,0.05215660678977744,0.01652443303837645,0.033494364174066996,0.035186675654086896,0.03882059110907662,0.03882059110907662,131.76646295142004,126.0520835665565
2007-04-01,3308.3424796444624,1463.64,-0.557591147529172,0.334916864608076,0.7442047787896383,0.05325418130400366,0.018301210303564783,0.033109957784424375,0.03844543382314406,0.038441449462510456,0.038441449462510456,131.8449402475253,127.17748023592912
2007-05-01,3366.8074223128406,1511.1400000000006,-0.551165299807401,0.36104513064133015,0.8743743565341917,0.05389660420945235,0.0193960288713983,0.03288655657217241,0.040406076508678244,0.03810153863678215,0.03810153863678215,131.9674532697922,128.28054308385762
2007-06-01,3380.162062198373,1514.1900000000005,-0.5520362715936735,0.35629453681710216,0.7484184298635754,0.05724806476958426,0.02118859828429845,0.03312176666421732,0.04531489638966539,0.03827554624607205,0.03827554624607205,132.6336995085241,129.3775493308921
2007-07-01,3381.7079134858145,1520.7099999999998,-0.5503130255763353,0.36342042755344417,0.79485947631257,0.056707675774682206,0.020897360591320736,0.03317775446553013,0.044427281900472806,0.038457261491878274,0.038457261491878274,129.3762778825951,130.05122551807804
2007-08-01,3388.633546065963,1454.6200000000001,-0.5707355250352336,0.3159144893111639,-1.1912438057731816,0.05377461406258316,0.018421926625703203,0.03336300938278221,0.038833531305504154,0.038454702308312695,0.038454702308312695,126.31676127172547,130.30889424592863
2007-09-01,3372.8982615094133,1497.1200000000003,-0.5561324760118851,0.34679334916864607,0.1400314850541713,0.053166018748290106,0.01786169185930032,0.03362981005719942,0.03739790055039101,0.038551783156564455,0.038551783156564455,122.68144659216277,130.03124238686414
2007-10-01,3331.371671737316,1539.6600000000003,-0.537830013666093,0.38004750593824227,1.9666051096769905,0.05398577465452635,0.018627502011419165,0.033783985630602247,0.038829291035343265,0.03872443771409851,0.03872443771409851,115.9715141478731,129.00549480470391
2007-11-01,3297.1941843861496,1463.39,-0.5561711206061573,0.34441805225653205,-0.20099149413800288,0.050807044787352915,0.016458710183521186,0.03383501883103347,0.03343073613984063,0.03859060347611238,0.03859060347611238,108.87677414750429,127.24071335338967
2007-12-01,3244.7994838135396,1479.2199999999998,-0.5441259136723278,0.37292161520190026,1.0530128027016428,0.05080061676413832,0.016721477776120847,0.033893866909694294,0.03362822763056488,0.03847138096904386,0.03847138096904386,102.53558075758444,124.83191710994754
2008-01-01,3242.9804537432083,1378.76,-0.5748478846338506,0.3087885985748218,-1.7871948394296169,0.04712794922298062,0.014588287947923766,0.03361971129523118,0.028096525875673205,0.037648392541049035,0.037648392541049035,99.05299649422024,122.09300112547362
2008-02-01,3227.505022533475,1354.8699999999997,-0.5802113426499099,0.30403800475059384,-1.7425123393666562,0.0465387890440938,0.015280236610094432,0.03311350358286008,0.02870552207132815,0.03689184157372439,0.03689184157372439,95.79934036552935,119.06860396970471
2008-03-01,3200.744326669171,1316.94,-0.588551953673081,0.29453681710213775,-1.8681983725802564,0.04397660108879945,0.01494122373930663,0.0324430949884065,0.026474729839699576,0.036165846089192114,0.036165846089192114,92.03473558502871,115.75762668917208
2008-04-01,3149.196431098595,1370.4699999999996,-0.5648191435546902,0.3254156769596199,-0.27653008832251463,0.045556883064432147,0.017615328571269587,0.03188679081727912,0.031285420818422616,0.035569178338798656,0.035569178338798656,86.92537375731028,112.01432948165417
2008-05-01,3059.2277282626164,1403.22,-0.5413156114412866,0.37767220902612825,1.1434350094403087,0.04741804158060006,0.020415285009836547,0.03131160452606567,0.036521722064370946,0.035245482135106386,0.035245482135106386,81.68297441436786,107.82395624370214
2008-06-01,2942.5290027241745,1341.25,-0.5441846116866548,0.37054631828978624,0.8975246107159585,0.047111929032715855,0.024870843220270004,0.029005953912706606,0.04297681834027925,0.03505064229765754,0.03505064229765754,76.39660288371458,103.137531524968
2008-07-01,2821.2380187470453,1257.33,-0.55433395139117,0.3515439429928741,0.3099466846965952,0.04509547281678457,0.025498202482062804,0.02795129265106971,0.04264238264777766,0.03490190069326628,0.03490190069326628,73.32472953149912,98.46656916237669
2008-08-01,2680.913948036262,1281.47,-0.5220025615000952,0.40380047505938244,1.7373701627667915,0.045464872962601995,0.023720798865208167,0.029087936604810592,0.040097735222999566,0.03500725101972423,0.03500725101972423,70.93506181742941,93.85142754118534
2008-09-01,2560.1788388155746,1216.95,-0.5246621128377882,0.39667458432304037,1.3283920340894706,0.044471458396800605,0.021404611109691246,0.02989062124674846,0.0359854482597434,0.034889546662170264,0.034889546662170264,68.34606482222114,89.32347906035687
2008-10-01,2412.947697069147,968.7999999999996,-0.598499378508395,0.27790973871733965,-1.6760886076941717,0.04519460484701947,0.022773954250706118,0.02949061936830528,0.038477939729420305,0.034860267386676684,0.034860267386676684,53.48178834234492,84.1160019098962
2008-11-01,2213.2606379040185,883.0400000000001,-0.6010230404511923,0.27078384798099764,-1.4476077450639115,0.04160001360139573,0.02529135543872509,0.02744349296420563,0.039447876075915184,0.035361695714682895,0.035361695714682895,38.660541806912256,78.26464921484686
2008-12-01,2038.6676279465175,877.5600000000002,-0.5695423874052794,0.3182897862232779,-0.21946316825023243,0.03081493445413294,0.0248234415405829,0.024666559698569963,0.030971816296145878,0.03514032810348131,0.03514032810348131,23.03318225926139,71.6394493399866
2009-01-01,1819.174311012531,865.5800000000004,-0.524190730508816,0.3990498812351544,1.225322930355597,0.030897435046982995,0.02750300522018838,0.023533271775946583,0.03486716849122479,0.035704548321443944,0.035704548321443944,18.813169526497852,64.9527970926764
2009-02-01,1582.8519088491914,805.2299999999998,-0.4912790037411394,0.4346793349168646,1.7907211128576375,0.03413015500829018,0.03051876349130814,0.02326100850446798,0.04138790999513034,0.03676141398176079,0.03676141398176079,14.620266769717505,58.18787429302542
2009-03-01,1350.3412449076204,757.1300000000002,-0.4393046921618713,0.4584323040380047,2.233480635599092,0.03415053801336477,0.031058753664780267,0.023161275891075167,0.042048015787069876,0.03805918781070832,0.03805918781070832,10.494936650541355,51.392891048484806
2009-04-01,1150.6010141559384,848.1499999999997,-0.26286350388610746,0.6104513064133017,2.773108250831332,0.03503786476927348,0.03226994879766363,0.02290100010115083,0.044406813465786274,0.03915263719798862,0.03915263719798862,10.799449978115426,45.04906406688523
2009-05-01,970.5110851527892,902.4099999999997,-0.07017033210091383,0.7458432304038005,2.5914232227986655,0.03767753896109784,0.035490067612278124,0.022192663600803433,0.05097494297257252,0.040357072273672086,0.040357072273672086,11.098037682677441,39.166986005911035
2009-06-01,810.3741997893749,926.1199999999999,0.1428300657161945,0.8836104513064132,2.388076257659648,0.04065158371876116,0.03911408859863505,0.021381560633077026,0.05838411168431917,0.04164101338567541,0.04164101338567541,11.330405622806492,33.74480290083536
2009-07-01,674.9787609169185,935.8200000000004,0.38644362487605477,0.9382422802850356,2.2344441497594865,0.039644086956731175,0.03711241177487831,0.021945838465696664,0.054810660265912824,0.042655036520520016,0.042655036520520016,13.882019091312952,28.79124369748651
2009-08-01,554.8634041839205,1009.7300000000002,0.8197812153156621,0.9904988123515439,2.279992006808187,0.0414114692910408,0.034822522545570396,0.02365365183219115,0.05258034000442005,0.04369525358563838,0.04369525358563838,16.378903262074875,24.24489715120697
2009-09-01,450.6772490143117,1044.55,1.3177340375724826,0.995249406175772,2.216181657771046,0.0410088263431336,0.031546696386152526,0.02508013261595488,0.04747539011333125,0.04465274874010405,0.04465274874010405,18.89503456514593,20.123977963117365
2009-10-01,419.6890024646762,1067.6599999999999,1.543931324695269,1.0,1.9022139464021268,0.039815076690125954,0.027664490667193807,0.02594487791708969,0.041534689440230074,0.04490747788267152,0.04490747788267152,38.1601479343316,18.84717459578292
2009-11-01,456.62994225576824,1088.0699999999995,1.3828266596467476,0.997624703087886,1.3846693433164938,0.03840974343630838,0.024745679911929462,0.02625845414439092,0.03689696920384693,0.04469490230999917,0.04469490230999917,57.40281458882263,20.409030660942122
2009-12-01,552.8821327343253,1110.3800000000006,1.0083484964661862,0.9928741092636579,0.7755166542078977,0.038771403715776705,0.02280834483832563,0.026717818290650886,0.034861930263451454,0.04501907847394129,0.04501907847394129,76.80774377283531,24.890244120406617
2010-01-01,667.5947754537999,1123.5800000000002,0.6830269518455154,0.9881235154394299,0.248660149070124,0.03968062100268546,0.023058359947942426,0.02675163088783389,0.035987350062793994,0.04511242693823873,0.04511242693823873,81.53208646573171,30.116820532009438
2010-02-01,812.188820986826,1089.1599999999999,0.3410182113521929,0.9287410926365796,-0.34739989864467197,0.038746930054150315,0.02164386372654644,0.026882404334982096,0.03350838944571466,0.04445580022578743,0.04445580022578743,86.49646804250233,36.106503971408166
2010-03-01,977.79927945667,1152.0499999999997,0.17820704535613374,0.8978622327790974,-0.7436499366993206,0.03911167069412869,0.021907459757492052,0.026882790126550735,0.034136340325070014,0.043796493937287434,0.043796493937287434,91.10705156894011,42.82418021460807
2010-04-01,1155.1276829966087,1197.3199999999997,0.03652610670184675,0.833729216152019,-1.0863217309978277,0.04019228655831007,0.02253083504475585,0.026953246355461456,0.03576987524760447,0.04307674908577228,0.04307674908577228,94.01903175251176,49.75914536247442
2010-05-01,1383.0697255658768,1125.0599999999995,-0.18654860329641998,0.6603325415676959,-1.4292910300296167,0.03515555544688954,0.01930327659125387,0.026557410215000275,0.02790142182314313,0.04115395565665317,0.04115395565665317,97.01377520495495,56.918790155997556
2010-06-01,1681.5943929270438,1083.3599999999997,-0.35575427430257767,0.5439429928741093,-1.5085894039880665,0.03182269580928085,0.017703627257004997,0.025976360350585717,0.023549962715700132,0.03825110990926825,0.03825110990926825,100.17914711077466,64.32285194666157
2010-07-01,2027.6545835568081,1079.7999999999997,-0.46746353705576926,0.4489311163895487,-1.4156712789572152,0.029444161336672187,0.01644326456941793,0.025698974275649426,0.02018845163044069,0.03536592585631224,0.03536592585631224,102.52637570275508,71.70988166428175
2010-08-01,2452.3113238774977,1087.2799999999995,-0.5566305185587793,0.33729216152019004,-1.2744953831558123,0.026478523900978032,0.014339793788600902,0.025692166586970877,0.015126151102608058,0.032244743447827906,0.032244743447827906,104.75011720229149,79.07414949263313
2010-09-01,2930.527585244239,1122.0799999999997,-0.6171064877021173,0.24228028503562946,-1.1489199518086526,0.02608045537644727,0.014066459599439802,0.02573097174005484,0.014415943235832233,0.029489789541369656,0.029489789541369656,107.05294146191846,86.42064173403084
2010-10-01,3403.6223929835096,1171.5800000000004,-0.6557843777220451,0.166270783847981,-1.0711229755955978,0.025370056206228994,0.013713358085543359,0.025734900673489075,0.013348513618283278,0.02714094155620742,0.02714094155620742,109.64264449433277,92.37751644736427
2010-11-01,3812.0883329832373,1198.8899999999999,-0.6855030903594563,0.14726840855106887,-1.0313636117704352,0.02773245697609336,0.01470996690998002,0.026037734121714094,0.016404689764359288,0.02543325160291678,0.02543325160291678,112.31823768412683,96.95380170530628
2010-12-01,4077.5654028213016,1241.5300000000004,-0.6955217446319867,0.14489311163895488,-0.9715003447671361,0.0328666718868101,0.017757362780206846,0.026304793184624087,0.024319241482392853,0.02455469420449523,0.02455469420449523,114.84258209043757,100.12337156510648
2011-01-01,4328.339560589884,1282.6200000000003,-0.7036692750082667,0.12351543942992874,-0.9171283098740867,0.03383094204865128,0.019122186955702877,0.026016731265760793,0.026936397738593364,0.023800448177478516,0.023800448177478516,116.24868456064998,103.01642140634966
2011-02-01,4483.541972791409,1321.1199999999994,-0.7053401065458336,0.12114014251781473,-0.8277187538451866,0.03514382177023531,0.02100122220730665,0.02558162961748513,0.030563414360056832,0.02355503358700703,0.02355503358700703,117.61919226059494,105.60998175785738
2011-03-01,4676.222143793678,1304.49,-0.7210376325403338,0.0831353919239905,-0.8041248448321119,0.03314071358911956,0.020345927734354185,0.025159378330449997,0.028327262993023752,0.023070943809336508,0.023070943809336508,118.40557030792023,107.88485831943905
2011-04-01,4885.586072578649,1331.5100000000004,-0.7274615613726728,0.07125890736342043,-0.8052686036323121,0.03369672785393416,0.02058602287488433,0.02528770952874364,0.028995041200074855,0.022506374305375706,0.022506374305375706,118.88267812626914,109.95682885058551
2011-05-01,5032.948698507432,1338.3099999999995,-0.7340902758661363,0.05938242280285035,-0.8321087732348038,0.03130471355362054,0.018622182547072236,0.02545447671074452,0.02447241938994826,0.022220624102609467,0.022220624102609467,119.55496288494332,111.8352611572512
2011-06-01,5167.906196645467,1287.2900000000002,-0.7509068564681783,0.047505938242280284,-0.9885093870081159,0.029406674667768265,0.01676156347465367,0.025569539391853576,0.02059869875056836,0.021974685438848483,0.021974685438848483,120.91336980888003,113.56311304875999
2011-07-01,5230.503544377367,1325.19,-0.7466419841308511,0.052256532066508314,-0.962214468958173,0.02919109904729826,0.017031182665432833,0.02540932341912456,0.020812958293606534,0.022026727660778973,0.022026727660778973,122.29954432650801,115.21087710073941
2011-08-01,5460.339024179687,1185.3100000000004,-0.7829237351836279,0.019002375296912115,-1.6277006458328414,0.02159061697209449,0.01115546955325946,0.025320569259067494,0.007425517266286454,0.021385008174418838,0.021385008174418838,123.45232799958814,116.76939466718079
2011-09-01,5811.057560010597,1173.8800000000006,-0.7979920198901179,0.004750593824228029,-1.7910353025453747,0.01821704657977819,0.00895018674876728,0.025193493750507043,0.0019737395780384283,0.02034815786960269,0.02034815786960269,124.75200490107508,118.24431662044384
2011-10-01,5976.186013612527,1207.2200000000005,-0.7979949089184639,0.0023752969121140144,-1.5557853275497813,0.020114773338782047,0.010132149608299059,0.02534884941315165,0.004898073533929452,0.01964395452923987,0.02,124.99548831601318,119.52372027225054
2011-11-01,6029.387666221229,1226.4200000000005,-0.7965929431157925,0.007125890736342043,-1.2906608030205111,0.01916553390998346,0.009477692583303877,0.025415538399085717,0.003227688094201618,0.01854587105672673,0.02,125.08663431021539,120.58775332442458
2011-12-01,6073.299846924618,1243.3199999999997,-0.7952809788191852,0.009501187648456057,-1.0779054978095193,0.01875860827847608,0.009695274801811449,0.02521718573219611,0.003236697348091417,0.016788992378868276,0.02,125.3815054592506,121.46599693849235
2012-01-01,6112.235033103565,1300.5799999999995,-0.7872169520713582,0.014251781472684086,-0.7295314534090902,0.018311001883149814,0.011255418475015828,0.02444316166803627,0.005123258690129372,0.014971230791496279,0.02,125.5931292435974,122.2447006620713
2012-02-01,6146.3223319542085,1352.4900000000002,-0.7799513388732446,0.023752969121140142,-0.3937132963363707,0.017923807597173096,0.012845947289899098,0.023647223061755804,0.0071225318253163895,0.013017823913601241,0.02,125.80014398474945,122.92644663908418
2012-03-01,6176.315007082474,1389.2399999999998,-0.7750697627295665,0.0332541567695962,-0.09210005166491546,0.01963995972446898,0.014874295465447938,0.0233112071499568,0.011203048039960115,0.011590806000845938,0.02,125.6038123387041,123.52630014164949
2012-04-01,6201.525539240591,1386.4299999999998,-0.7764372667294094,0.026128266033254157,0.01477061073445701,0.01821515453815602,0.014671531686045397,0.022936244425646832,0.009950441798554588,0.010003756050719249,0.02,124.93320584421701,124.03051078481182
2012-05-01,6223.3271299753505,1341.2700000000002,-0.7844770213766165,0.0166270783847981,-0.20565821000726714,0.015150246887625571,0.013298285104943852,0.022468097056394028,0.005980434936175394,0.008462757346238177,0.02,124.78734466128559,124.46654259950701
2012-06-01,6239.011136775527,1323.4800000000002,-0.7878702295947484,0.011876484560570071,-0.26780548308365276,0.013087019784170146,0.01233601752738704,0.022203801445001687,0.0032192358665554983,0.007014468772570438,0.02,124.6775314409225,124.78022273551055
2012-07-01,6246.966122465305,1359.78,-0.782329538316213,0.021377672209026127,0.5664364416194363,0.012542862908371161,0.012218021801207474,0.022190986637840745,0.002569898071737891,0.0054942137540813845,0.02,124.20874089205489,124.93932244930609
2012-08-01,6244.467781225609,1403.4500000000003,-0.7752490605813417,0.030878859857482184,1.2519649126519523,0.014907722366756098,0.012942774575349545,0.02278579083834382,0.005064706103761821,0.005297479490537666,0.02,122.85272610206087,124.88935562451218
2012-09-01,6231.506667291014,1443.4199999999994,-0.7683674146452468,0.040380047505938245,1.6424039501543684,0.016299331149072435,0.01297470430992613,0.02337143727526403,0.0059025981837345365,0.0056248843743456735,0.02,121.64133755677224,124.63013334582028
2012-10-01,6217.747777179742,1437.8200000000004,-0.7687554961175718,0.03800475059382423,1.372221610173002,0.016296886893699746,0.013262436770065625,0.0232140759399825,0.006345247723782872,0.005745482223500125,0.02,121.6933546893081,124.35495554359484
2012-11-01,6206.042654996442,1394.5099999999995,-0.7752980316889557,0.028503562945368172,0.5448797541152212,0.014279517249524915,0.013360667278669929,0.022354601074630925,0.005285583453563919,0.0059169735034469845,0.02,122.27740498622339,124.12085309992885
2012-12-01,6194.504380356426,1422.2900000000004,-0.7703948673423711,0.035629453681710214,1.0638385773188324,0.013713306169291999,0.015610492697609694,0.021081199737229772,0.008242599129671922,0.00633413198524536,0.02,122.61231954564668,123.89008760712852
2013-01-01,6182.913560686128,1480.4000000000005,-0.760565955601728,0.04275534441805225,1.934503291037452,0.014855259625517769,0.01843727044282169,0.020170256808254478,0.013122273260084982,0.00700071653274166,0.02,122.81133252272603,123.65827121372257
2013-02-01,6168.619906905058,1512.3100000000002,-0.754838193498169,0.04513064133016627,1.9407037349374583,0.018619770124460512,0.015691799329426766,0.02293149361767121,0.011380075836216065,0.007355511866983301,0.02,122.36966707729248,123.37239813810116
2013-03-01,6156.125301833502,1550.8300000000006,-0.748083425212591,0.0498812351543943,1.9239474023828664,0.02246886469207816,0.011019277327244684,0.026685874862017955,0.006802267157304892,0.006988780126762031,0.02,122.60510712153051,123.12250603667003
2013-04-01,6153.27355802488,1570.6999999999996,-0.7447374986357386,0.05463182897862233,1.6942537564538467,0.021934003410893556,0.00841661643842545,0.02781969789705852,0.0025309219522604877,0.006370486806237523,0.02,124.2487873301481,123.06547116049761
2013-05-01,6156.4152676417825,1639.8400000000006,-0.7336372014053331,0.06175771971496437,1.8860616595386381,0.023808315338533528,0.00972860785843881,0.0278952392197651,0.005641683977207237,0.006342257559656843,0.02,125.54135496934195,123.12830535283565
2013-06-01,6165.052964041323,1618.7700000000002,-0.7374280465323266,0.057007125890736345,1.4065368978394361,0.02697604349284637,0.011791451909817653,0.02787379087851706,0.010893704524146966,0.006981796614456133,0.02,126.75057857681247,123.30105928082646
2013-07-01,6182.053087163073,1668.6799999999998,-0.7300767275090236,0.0665083135391924,1.5485376083411262,0.029582476185866947,0.013926533661412506,0.02773899296346605,0.015770016883813406,0.008081806515462427,0.02,128.2887704412747,123.64106174326146
2013-08-01,6210.670214923754,1670.0899999999997,-0.731093434008635,0.06413301662707839,1.2526272791370359,0.031087398738664146,0.014630979528244072,0.027871129779276003,0.01784724848763222,0.009147018380784957,0.02,129.72083676462415,124.21340429847508
2013-09-01,6250.308420945334,1687.1700000000003,-0.7300661205219657,0.0688836104513064,1.106991698979194,0.031866166919116964,0.014848264103146491,0.02802430932998802,0.018690121692275435,0.010212645339830033,0.02,131.15450700195183,125.00616841890668
2013-10-01,6302.42335212944,1720.0299999999997,-0.727084344561074,0.07363420427553444,1.0911718260894818,0.03020196957074079,0.01365219009729569,0.028049465380390423,0.015804694287646054,0.011000932553485299,0.02,134.2009381734933,126.0484670425888
2013-11-01,6364.554728291994,1783.5399999999995,-0.7197698698273847,0.09026128266033254,1.3714192699672174,0.0316776736803736,0.013856172402525837,0.02849296328097169,0.01704088280192775,0.011980540832515619,0.02,137.1889352652362,127.29109456583988
2013-12-01,6436.646240202339,1807.7799999999995,-0.7191425577020416,0.09501187648456057,1.3085597433693787,0.03392140296625905,0.014072020106650533,0.029134808790304136,0.018858614282605445,0.012865208761926745,0.02,139.91428240412964,128.73292480404677
2014-01-01,6507.003675758753,1822.3600000000006,-0.7199386859440335,0.08788598574821853,1.134664935827514,0.033682206198807935,0.013863511900304135,0.029187317428612265,0.018358400670499802,0.013301552712794646,0.02,139.6971170562653,130.14007351517506
2014-02-01,6578.308162006804,1817.0400000000002,-0.7237830829369831,0.07838479809976247,0.7004020290227252,0.031778225540562206,0.013676266192232521,0.028627406626108805,0.016827085106685923,0.013755470152000468,0.02,139.4827437768247,131.5661632401361
2014-03-01,6646.156072632809,1863.5199999999998,-0.7196093531908611,0.09263657957244656,1.041507801051994,0.031433873014627606,0.01487093955632749,0.027989520531569233,0.018315292039385863,0.014714888892173884,0.02,138.88860567177193,132.92312145265618
2014-04-01,6709.581419914796,1864.2600000000002,-0.7221495823172119,0.08076009501187649,0.638002344051726,0.03101224811369571,0.014986061770264516,0.027781769616730862,0.018216540267229363,0.016022023751754624,0.02,139.4708706778251,134.19162839829593
2014-05-01,6769.911090285054,1889.77,-0.7208574861918269,0.0855106888361045,0.7093382963347739,0.02949321932376697,0.014601385414851691,0.027482646327382846,0.016611958411235816,0.016936213287923673,0.02,140.0204758582038,135.3982218057011
2014-06-01,6828.422545943965,1947.0900000000001,-0.7148550800863139,0.1021377672209026,1.5979422605449323,0.029660635688147183,0.015479388475040618,0.027165753178993144,0.017974270984194653,0.017526260492927645,0.02,140.793327934951,136.5684509188793
2014-07-01,6886.141450730598,1973.1000000000006,-0.7134679828874759,0.10451306413301663,1.537004703189576,0.02905074157484988,0.015320363545584725,0.027046918792913197,0.01732418632752141,0.017655774613236645,0.02,142.14130759006656,137.72282901461196
2014-08-01,6944.281043848155,1961.5299999999995,-0.7175330336410142,0.09738717339667459,0.6731231365698325,0.027928383400096898,0.014336529621302779,0.027114501780186036,0.015150411241213638,0.017431038176035096,0.02,143.67433911283769,138.8856208769631
2014-09-01,7001.389376093017,1993.2299999999993,-0.7153093631949548,0.0997624703087886,1.0728783117231782,0.02905292232045323,0.014869659265671749,0.02724952672007409,0.016673054866050887,0.017262949273849717,0.02,144.86050674071865,140.02778752186035
2014-10-01,7040.376421795026,1937.2699999999995,-0.7248343151081018,0.07600950118764846,-1.589093191560678,0.02685682116127319,0.013384175655310053,0.02719683178915191,0.013044165027431328,0.01703290516883182,0.02,143.55782914197553,140.8075284359005
2014-11-01,7063.17498008881,2044.5699999999993,-0.7105310280767968,0.11163895486935867,1.8513743949197479,0.027158032829936528,0.014459641228808448,0.026925373479399342,0.014692300579345632,0.016837189983616645,0.02,142.66058925574455,141.2634996017762
2014-12-01,7070.981989883198,2054.270000000001,-0.7094788244491153,0.11401425178147269,1.6372552175449733,0.025759585464497824,0.014303891923528373,0.026557034292865746,0.013506443095160449,0.01639117571799623,0.02,141.78796475478265,141.41963979766396
2015-01-01,7076.569382860505,2028.1800000000007,-0.7133950237367466,0.10688836104513064,0.7352562458996743,0.02211086388260129,0.013169412333226167,0.02586144960498741,0.009418826610840043,0.015646211213024584,0.02,141.03809137081907,141.5313876572101
2015-02-01,7074.616616666456,2082.2000000000003,-0.7056801643364345,0.1163895486935867,1.7730734001647876,0.022515148135662216,0.014941567748653482,0.025214465336151303,0.012242250548164395,0.015264141666481124,0.02,139.01407989025324,141.49233233332913
2015-03-01,7065.8551061814005,2079.9899999999993,-0.7056279857507455,0.1187648456057007,1.4398271225929031,0.022888968018385622,0.015899116089020563,0.024898291837800825,0.013889792269605357,0.014895350018999415,0.02,136.78584315535812,141.31710212362802
2015-04-01,7045.220625392596,2094.8599999999997,-0.7026551599463553,0.12589073634204276,1.5689093370469958,0.022336938774154536,0.015374551861551969,0.02503742716883119,0.012674063466875312,0.014433476952303244,0.02,134.5185952885121,140.90441250785193
2015-05-01,7011.205089061589,2111.9400000000005,-0.6987764623666611,0.1330166270783848,1.717813584821668,0.02527527912127557,0.01670337080786822,0.025442014321456527,0.016536635607687263,0.01442720005200753,0.02,131.85674713876222,140.22410178123178
2015-06-01,6963.831804495622,2099.2900000000004,-0.6985438392344905,0.13539192399049882,1.4164681993112636,0.02710322447306245,0.01755556567154551,0.025667446403410055,0.0189913437411979,0.014511956115091136,0.02,129.42373963911874,139.27663608991244
2015-07-01,6902.757018492086,2094.1399999999994,-0.6966226691175831,0.14014251781472684,1.3564010877973842,0.026992151706993137,0.01725488648626911,0.025810608938940122,0.01843642925432212,0.01460464302565786,0.02,127.48335894921802,138.05514036984172
2015-08-01,6827.9877855079785,2039.8700000000003,-0.7012487332901342,0.12826603325415678,0.6839406783834411,0.02560956733752824,0.016095686733581284,0.025895139262138118,0.015810114808971407,0.014659618322971009,0.02,125.72972319665213,136.55975571015958
2015-09-01,6741.020254558594,1944.4100000000003,-0.7115555321636812,0.10926365795724466,-0.6244476564531505,0.025476189036980058,0.015668005516894627,0.02598544318321498,0.015158751370659706,0.014533426365021744,0.02,123.98829931286649,134.8204050911719
2015-10-01,6651.864624802162,2024.8100000000004,-0.6956026446403782,0.14251781472684086,1.3910831912547152,0.02470312658508386,0.01593230225648425,0.025718688166995587,0.01491674067457252,0.014689474335616843,0.02,122.16047800043172,133.03729249604325
2015-11-01,6559.659165764692,2080.6199999999994,-0.6828158373137896,0.15201900237529692,2.280969981130335,0.026519602583403242,0.017576359450823996,0.025604569399545214,0.01849139263468202,0.015006065340228206,0.02,120.53127908675184,131.19318331529385
2015-12-01,6464.919729770877,2054.08,-0.6822729305452957,0.1543942992874109,1.7896212743084337,0.026298487551664296,0.017502400476617,0.02556398643770559,0.018236901590575706,0.015400270214846147,0.02,119.05050011626683,129.29839459541753
2016-01-01,6372.3144136952615,1918.5999999999997,-0.6989163001943879,0.13064133016627077,-0.06449255838449067,0.024338454410121536,0.016054215311519713,0.025476105147209167,0.014916564574432085,0.015858415045145482,0.02,118.8128155126712,127.44628827390522
2016-02-01,6287.563793436222,1904.42,-0.6971132122765766,0.1377672209026128,0.0640602851827331,0.02120375649094754,0.014631386072193482,0.025103796815835848,0.010731345747305172,0.015732506311740547,0.02,118.67393102808394,125.75127586872445
2016-03-01,6209.806595707795,2021.9500000000003,-0.6743940461209262,0.15676959619952494,2.0139497386771037,0.02255651957519134,0.015747912981975264,0.02515388577837959,0.013150546778787013,0.015670902520839018,0.02,118.1241157005359,124.19613191415591
2016-04-01,6140.080528997441,2075.5399999999995,-0.6619686028223972,0.16152019002375298,2.172080126987174,0.0221561796651926,0.015367808221906601,0.025277003689789967,0.012246984197309234,0.015635312581708513,0.02,117.78433927802693,122.80161057994883
2016-05-01,6080.371029096693,2065.5500000000006,-0.6602921120905905,0.16389548693586697,1.744870949335313,0.02241293956861247,0.014936241846027374,0.02557991812553099,0.011769263289108857,0.015238031555160313,0.02,117.5264671625824,121.60742058193385
2016-06-01,6030.096113247718,2083.8899999999994,-0.6544184436095749,0.16864608076009502,1.6421605856252242,0.021485344823892482,0.013443307763581703,0.026036663294222682,0.008891989293251502,0.014396418684498112,0.02,117.357759835365,120.60192226495435
2016-07-01,5992.774544779555,2148.9,-0.6414181805200804,0.17577197149643706,1.7750671026228677,0.02082761272910884,0.012174971042588079,0.026496732934648652,0.0065058508370482646,0.013402203816391957,0.02,118.52618251685873,119.8554908955911
2016-08-01,5966.378784904123,2170.95,-0.6361360754545379,0.19239904988123516,1.6026224167582688,0.02153062468430754,0.012235855702268133,0.026716680447030038,0.007049799939545638,0.012672177577273144,0.02,119.39474082654837,119.32757569808246
2016-09-01,5950.108276607192,2157.6899999999996,-0.6373696242666806,0.1876484560570071,1.3392825780754334,0.02215628735780362,0.012586507876392438,0.026725977886058714,0.008016817348137344,0.012077016408729614,0.02,120.08337732160317,119.00216553214385
2016-10-01,5951.039419082058,2143.0200000000004,-0.639891479608018,0.1828978622327791,1.046493741398408,0.02333483014172787,0.013149388353036228,0.02678624178308845,0.009697976711675646,0.01164211941182154,0.02,122.38395219439957,119.02078838164117
2016-11-01,5969.777970404795,2164.99,-0.6373416212909511,0.19002375296912113,0.9777043523607859,0.026721263079788934,0.01535227844957433,0.026809221657180693,0.015264319872182575,0.011373196681613254,0.02,125.02853140420882,119.3955594080959
2016-12-01,6004.737288762371,2246.6300000000006,-0.6258570705158941,0.20902612826603326,1.226497048055868,0.029901403728828387,0.01774172345238042,0.026730369081279563,0.020912758099929242,0.011596184724059383,0.02,127.44073652208498,120.09474577524742
2017-01-01,6048.293576748531,2275.1199999999994,-0.6238410105048061,0.21852731591448932,1.1844771663499827,0.029555250744557546,0.01728305170799671,0.026839590486125234,0.019998711966429022,0.012019697006725791,0.02,129.26632462934978,120.96587153497063
2017-02-01,6101.3890588289905,2329.9099999999994,-0.618134497319342,0.23990498812351543,1.439380856230468,0.029415791592572665,0.01735056771755183,0.026774371478042937,0.01999198783208156,0.012791417180457157,0.02,131.4168467273939,122.02778117657981
2017-03-01,6166.971810200219,2366.8200000000006,-0.6162103423133438,0.24703087885985747,1.4065838056062614,0.029530411666437037,0.018129981050256774,0.026413180684050682,0.02124721203264313,0.013466139284945167,0.02,133.8639760296308,123.33943620400437
2017-04-01,6239.215511040874,2359.31,-0.6218579089270149,0.22565320665083136,0.9057628458290791,0.02749228376602629,0.01737487651726037,0.02607034428332993,0.01879681599995673,0.014011958601832459,0.02,135.12282747978392,124.78431022081747
2017-05-01,6318.94138279419,2395.3500000000004,-0.6209254280278204,0.23040380047505937,0.875645124329128,0.027219374803458995,0.017734945183105782,0.025801060776349836,0.019153259210214945,0.014627291595257967,0.02,136.66067638337842,126.3788276558838
2017-06-01,6405.736411464902,2433.9900000000007,-0.6200296353681245,0.23515439429928742,0.874843828492556,0.025633243815835708,0.017870559503815477,0.025201887672138674,0.018301915647512514,0.015411452124779719,0.02,138.18856671633574,128.11472822929804
2017-07-01,6493.7104753143485,2454.1,-0.6220804716611266,0.22327790973871733,0.5329399117228975,0.02653775733229509,0.018833180290894584,0.025021010334900368,0.020349927288289306,0.016565125162383138,0.02,139.63995784072625,129.87420950628697
2017-08-01,6581.961549348785,2456.22,-0.6268255319353824,0.2042755344418052,-0.11991758444718731,0.025565403561138688,0.018157212157864634,0.02501622511903162,0.0187063905999717,0.01753650771741864,0.02,140.57499859481348,131.63923098697572
2017-09-01,6669.861662604169,2492.84,-0.6262531179654631,0.20665083135391923,-0.1835754919209235,0.025549406438548264,0.01824026939082305,0.02499082974462707,0.018798846084744244,0.018435010112135882,0.02,141.17940450289487,133.3972332520834
2017-10-01,6753.678619791024,2556.999999999999,-0.6213915195036155,0.22802850356294538,0.368412932419458,0.02725961657781582,0.019042423995691775,0.02520754568297101,0.02109449489053658,0.019384719960374296,0.02,142.50002191924477,135.0735723958205
2017-11-01,6831.592469936843,2593.6100000000006,-0.6203505974026613,0.2327790973871734,0.50114007097713,0.027551832652324797,0.01874196560456699,0.02547130750149368,0.020822490755398104,0.019847900867308924,0.02,143.72785543920534,136.63184939873688
2017-12-01,6904.94113831581,2664.3400000000006,-0.6141400851029033,0.25653206650831356,1.8509495127137607,0.02849721241165727,0.018768467032229404,0.025820893354204427,0.021444786089682248,0.019892236533121676,0.02,145.04441693303698,138.0988227663162
2018-01-01,6898.81858786699,2789.800000000001,-0.5956119204371535,0.2826603325415677,2.8447259877245346,0.030926482330213386,0.019471098524829547,0.026366859684219528,0.02403072117082341,0.02022823730015454,0.02022823730015454,146.69172526664173,139.55093948609053
2018-02-01,6759.171018438354,2705.1600000000008,-0.5997793231417594,0.27315914489311166,1.7756030838693975,0.03320961268509379,0.020740856453846993,0.02642312260946002,0.027527346529480756,0.02085618385827114,0.02085618385827114,148.4517347748848,140.9705134900481
2018-03-01,6653.459668574231,2702.7700000000004,-0.5937797575048386,0.2850356294536817,1.8080823123700822,0.03254788921675166,0.021139359300235888,0.025958233352258664,0.027729015164728886,0.021396334119278285,0.021396334119278285,150.53356756453516,142.3596461179568
2018-04-01,6491.528909156311,2653.630000000001,-0.5912164858024352,0.28978622327790976,1.5902990703727313,0.03234882228898213,0.0213257447465783,0.025721301974530795,0.027953265061029634,0.022159371541034357,0.022159371541034357,152.98548567262443,143.84820096736016
2018-05-01,6309.546129274481,2701.4899999999993,-0.5718408353548821,0.31353919239904987,2.088828986536548,0.03311192973306929,0.022214964246058844,0.025536104340892023,0.02979078963823611,0.023045832410036122,0.023045832410036122,155.38717691887803,145.4087426786518
2018-06-01,6140.449371739735,2754.350000000001,-0.5514416236902173,0.3586698337292161,2.175320120006578,0.03230893219815595,0.02215576707581125,0.02529297285878164,0.02917172641518556,0.02395164997400888,0.02395164997400888,158.17038299290854,147.07389403503288
2018-07-01,6032.0547504110145,2793.6399999999994,-0.5368675989206422,0.3847980997624703,2.000879873646988,0.03168424212362292,0.02240456532722642,0.024939346149078407,0.029149461301770933,0.024684944475132347,0.024684944475132347,161.5644684385822,148.9009365848542
2018-08-01,5894.178136517374,2857.82,-0.5151452952712134,0.41092636579572445,1.9967669424507477,0.03125977158920601,0.022997591695046723,0.024498651911066732,0.029758711373186003,0.02560597120623354,0.02560597120623354,164.8776273534646,150.92615564807514
2018-09-01,5738.167543105406,2901.5000000000005,-0.49435076996205063,0.42992874109263657,1.927278022157434,0.03192164448277983,0.02408355508608741,0.024163269395151503,0.031841930173715734,0.026692894880314497,0.026692894880314497,168.0851731309347,153.1683030337451
2018-10-01,5600.048405294425,2785.46,-0.5026007279925372,0.42280285035629456,1.4238911196061321,0.03272900964650596,0.02487435425433163,0.0239396588853991,0.033663705015438486,0.027740329057389653,0.027740329057389653,168.64661151643375,155.34718550017752
2018-11-01,5481.242227789066,2723.23,-0.5031728416975194,0.42042755344418054,1.1970991971664173,0.03195733579754743,0.02461613667918323,0.023729081985052646,0.032844390491678005,0.02874215403541298,0.02874215403541298,170.0741304353577,157.54270841652354
2018-12-01,5454.932257806041,2567.3099999999995,-0.5293598749414049,0.3919239904988123,0.4798902527580121,0.028547052966960203,0.022744852217550546,0.023336928356373455,0.027954976828137298,0.029284669930284238,0.029284669930284238,171.48260387767533,159.74589066191007
2019-01-01,5464.701707386188,2607.390000000001,-0.5228669121178552,0.4014251781472684,0.5197638835461551,0.026037165324377356,0.023915891642480556,0.02191602553371994,0.02803703143313797,0.02961852911881045,0.02961852911881045,172.01815707369278,161.856426645831
2019-02-01,5492.393857956053,2754.860000000001,-0.4984227148951771,0.4251781472684085,1.009257024276481,0.02457950408370822,0.025981895212354084,0.020510891547663432,0.030050507748398875,0.029828792553720288,0.029828792553720288,172.15233917249535,163.83147701229856
2019-03-01,5529.2348117200345,2803.979999999999,-0.4928810051516447,0.4323040380047506,1.0337680390025092,0.023378201563418778,0.025994600493563554,0.020139161095833177,0.02923364096114915,0.029954178036755316,0.029954178036755316,172.04005090439884,165.62368395728717
2019-04-01,5567.972687687246,2903.8000000000006,-0.47848163723551884,0.44418052256532065,1.3994989437344507,0.023541100712168417,0.025679584259010183,0.02044169558601212,0.028778989385166476,0.03002298839710005,0.03002298839710005,171.50743095882842,167.16717939780418
2019-05-01,5678.96685884375,2854.710000000001,-0.49731877805301616,0.42755344418052255,0.6102794116154044,0.02283989495624184,0.023845027193216177,0.02109557418731351,0.02558934796214451,0.029672868257425752,0.029672868257425752,171.51584943431797,168.51123544075753
2019-06-01,5863.416798292773,2890.1699999999996,-0.507084333346127,0.41330166270783847,-0.03216068094227671,0.020500824813874368,0.021364936814522974,0.02156154776813373,0.020304213860263612,0.028933908877848923,0.028933908877848923,171.85436595963978,169.65156735465177
2019-07-01,6072.815801296224,2996.1136363636356,-0.5066351863127276,0.4156769596199525,-0.18941990788418636,0.02068264291431608,0.020155153768051902,0.022178287476875877,0.0186595092054921,0.028059746203159017,0.028059746203159017,170.56570165763083,170.4016701229058
2019-08-01,6410.234739861961,2897.498181818182,-0.5479887555754975,0.3657957244655582,-2.216505642684393,0.017351450022029844,0.017764222981663292,0.022348538423482636,0.0127671345802105,0.02664378147041106,0.02664378147041106,169.5723088736271,170.7928935829194
2019-09-01,6790.262072840746,2982.1560000000004,-0.5608187183337391,0.32779097387173395,-2.0427444170014906,0.018306154958183024,0.018218899143049357,0.0225250339671658,0.014000020134066586,0.02515695563377363,0.02515695563377363,168.4383106337072,170.8223217081504
2019-10-01,7270.6753889162155,2977.68,-0.590453452984667,0.2921615201900237,-2.1834761192246157,0.01828698058865092,0.01821809530329122,0.02248907150931089,0.014016004382631252,0.02351964724770636,0.02351964724770636,170.8233958173044,171.00372039988963
2019-11-01,7744.7818431163005,3104.9044999999974,-0.5990972292189622,0.2755344418052256,-1.8261274968875165,0.01929806568217739,0.019151647092963745,0.02241639705297162,0.016033315722169515,0.02211872435024732,0.02211872435024732,173.68582252496023,171.30469474068983
2019-12-01,8104.914056067195,3176.749523809526,-0.6080464886075543,0.26128266033254155,-1.6224581474524886,0.019882505351351033,0.019414355968391563,0.022502188818185997,0.0167946725015566,0.02118869898969893,0.02118869898969893,176.61727824604847,171.73258427138762
2020-01-01,8465.236007728756,3278.202857142859,-0.6127452496126674,0.2589073634204275,-1.4044599346110838,0.019381608596024072,0.019582758901985065,0.02243682074934586,0.016527546748663274,0.020229575265992703,0.020229575265992703,166.20469336992673,171.24812896274045
2020-02-01,8495.30099035753,3277.3142105263146,-0.6142203537877959,0.25415676959619954,-1.1955666677640917,0.016048181564620654,0.019944198993730348,0.021224741136259696,0.014767639422091305,0.018956002905467072,0.02,156.047029305417,169.90601980715059
2020-03-01,8389.562563054631,2652.3936363636362,-0.683846015042064,0.1496437054631829,-1.8971506705648105,0.00592005913402543,0.019469163200678333,0.017706306452409906,0.0076829158822938545,0.017160109148895798,0.02,146.66282835170375,167.79125126109264
2020-04-01,8260.012911026806,2761.9752380952386,-0.6656209538839697,0.15914489311163896,-1.3653720324014833,-0.004801086549189556,0.030063006615464648,0.00884617915654401,0.01641574090973108,0.016129838442609516,0.02,140.4155144721498,165.2002582205361
2020-05-01,8100.273019169896,2919.614999999999,-0.6395658525224379,0.18527315914489312,-0.7995320403668065,-0.020984511474905893,0.051556820784502015,-0.007350815925996669,0.03792312523559279,0.017157653215396872,0.02,133.17827538865964,162.00546038339792
2020-06-01,7906.12297344113,3104.6609090909074,-0.6073093070370486,0.2660332541567696,-0.08749861351826103,-0.02701409391231314,0.06133387526102844,-0.014148450741787907,0.04846823209050321,0.019504654734583505,0.02,125.25835498473604,158.1224594688226
2020-07-01,7229.0054225859985,3207.619090909088,-0.5562848686089876,0.342042755344418,1.2239055312724751,-0.022077872849010576,0.0540387649636232,-0.008709649642150326,0.04067054175676295,0.02133890744718941,0.02133890744718941,124.20511980527537,154.259077647793
2020-08-01,6482.304320135094,3391.7099999999973,-0.476774024714515,0.44655581947743467,2.3043038065274746,-0.016161625515002383,0.04784221969861342,-0.003459189226353574,0.03513978340996461,0.023203294849668918,0.023203294849668918,123.39319844463762,150.4108184453772
2020-09-01,5986.725029632201,3365.516666666667,-0.4378367721903823,0.46318289786223277,2.1484396707940325,-0.01066178227550597,0.04164535727539481,0.0015575551131281073,0.029426019886760735,0.024488794829060096,0.024488794829060096,122.80066067312133,146.60768094866168
2020-10-01,5584.5483242602395,3418.701363636365,-0.3878284929893189,0.505938242280285,2.0177483002121512,-0.005279560604096499,0.03722430132431205,0.005679153131936268,0.026265587588279286,0.02550959342953077,0.02550959342953077,121.04591130671675,142.45955723944607
2020-11-01,5245.227281608157,3548.9925,-0.32338632637632836,0.5700712589073634,1.952554467985935,-0.002207098015399077,0.035413090336945466,0.007716367008150437,0.025489625313395953,0.026297619228799637,0.026297619228799637,119.41501349452471,137.9369898202431
2020-12-01,4919.943777138764,3695.3100000000018,-0.24891214871787792,0.6223277909738717,1.8954791070875594,-0.00030954179754365073,0.03474429125156842,0.008771613431991074,0.025663136022033697,0.02703665785550606,0.02703665785550606,117.59943925305417,133.01883657082692
2021-01-01,4651.312195520288,3793.7484210526322,-0.18437028916132125,0.665083135391924,1.7745158547684223,0.0003201107616329332,0.035781603728853015,0.008355924561590183,0.027745789928895766,0.02797151145385877,0.02797151145385877,131.22944274962856,130.10423235246873
2021-02-01,4354.224591367343,3883.432105263155,-0.10812315171743281,0.7315914489311164,1.7128743220188647,-0.00275306700298255,0.04189367339865301,0.004107819849295069,0.03503278654637539,0.02966027371421578,0.02966027371421578,144.56615939328952,129.14749319312477
2021-03-01,3992.095038767662,3910.5082608695684,-0.02043708306184988,0.7862232779097387,1.7146934681898593,-0.0024894746121025733,0.046782176679329365,0.0016083027218920692,0.042684399345334724,0.03257706400280252,0.03257706400280252,157.50173703266063,130.05073558320453
2021-04-01,3769.5581787609854,4141.176190476192,0.09858397034671929,0.8669833729216152,1.7863115637543265,-0.005718841483286214,0.051030186456433604,-0.0016677631533315164,0.04697910812647891,0.035124011270864834,0.035124011270864834,168.63073495747437,132.40200395698156
2021-05-01,3838.437762494134,4167.849500000004,0.08581922070603665,0.8574821852731591,1.4479878793356642,-0.002986920577073871,0.046772461197472144,0.0013309969186274353,0.04245454370177084,0.03550162947637967,0.03550162947637967,179.60377045140777,136.27079521221057
2021-06-01,4181.927850802599,4238.489545454544,0.013525267931413287,0.8123515439429929,0.9926928398620256,0.0055309082416414015,0.03406424409185136,0.010601311053290258,0.028993841280202506,0.03387876357552128,0.03387876357552128,190.15135180495844,141.67854494722908
2021-07-01,4596.171903562359,4363.7128571428575,-0.05057666495009239,0.7600950118764845,0.5873347320431856,0.009059185785118247,0.026295140821839612,0.01573380640139554,0.019620520205562316,0.03212459511292123,0.03212459511292123,195.86451809442883,147.65016147132522
2021-08-01,5047.989836958322,4454.206363636361,-0.11762770776094633,0.7197149643705463,0.12545299601653231,0.010905381824740101,0.02321815635300138,0.017901432267021355,0.01622210591072013,0.03054812198798419,0.03054812198798419,202.07057279082147,154.20660933350723
2021-09-01,5486.443308485765,4445.54333333333,-0.18972217821744308,0.6579572446555819,-0.45589696799835544,0.012909355793508664,0.02194600677017194,0.01917460911977586,0.01568075344390474,0.029402683117746187,0.029402683117746187,208.1151971856658,161.31615404288593
2021-10-01,5920.004262240997,4460.7071428571435,-0.2465027143124796,0.6247030878859857,-1.0196352159377022,0.016358115936503548,0.020836073295725132,0.02086428005151512,0.016329909180713562,0.02857470991711571,0.02857470991711571,215.20091681158698,169.1624045016251
2021-11-01,6434.246052140087,4667.386666666665,-0.2746023964821409,0.6009501187648456,-1.3182612579520974,0.017891519684580973,0.018742145996411802,0.022464796620359575,0.014168869060633197,0.027631313562718817,0.027631313562718817,222.90620195144416,177.7866702063684
2021-12-01,7091.849140407314,4674.772727272723,-0.3408245670882627,0.5581947743467933,-1.624897302180093,0.018263776654939484,0.016367733252150875,0.02373047638781565,0.010901033519274708,0.026401138354155567,0.026401138354155567,230.9540808889462,187.2328903426927
2022-01-01,7748.361516650952,4573.815500000002,-0.4097054596418821,0.4916864608076009,-1.6961393903665187,0.02219576754162132,0.016374783172622476,0.02504443569491639,0.01352611501932741,0.025216165445024873,0.025216165445024873,229.04234981812684,195.38396593173425
2022-02-01,8644.510626678637,4435.980526315792,-0.48684422775472147,0.4418052256532066,-1.6766352566575617,0.026008656515204575,0.014463533921468487,0.027274182905760513,0.013198007530912551,0.02339660052706963,0.02339660052706963,226.9845108253796,202.25216188440842
2022-03-01,9901.429434116188,4391.2652173913075,-0.5565018923165939,0.33966745843230406,-1.6015706391736095,0.03013705427076387,0.013039242873329108,0.029415427539516068,0.013760869604576908,0.02098630638200648,0.02098630638200648,224.0089751099117,207.79443172417936
2022-04-01,10606.449859693377,4391.296000000003,-0.5859787150186979,0.3016627078384798,-1.4586598363718037,0.03745270598425001,0.014807360868385239,0.031056611403188765,0.021203455449446483,0.018838335325587114,0.02,220.6455205937325,212.12899719386755
2022-05-01,10758.69666257473,4040.3600000000024,-0.6244563698821601,0.2161520190023753,-1.4095763434562583,0.04007062692092763,0.013579428803650066,0.03244878891685384,0.021201266807723856,0.017067228917749862,0.02,216.14300314293297,215.17393325149462
2022-06-01,10846.1741141279,3898.946666666666,-0.6405233195004665,0.18052256532066507,-1.2923237385789539,0.04284604733344091,0.014056352877418304,0.03313057047586329,0.023771829734995926,0.01663206128898265,0.02,211.14594017771867,216.92348228255798
2022-07-01,10902.277364752901,3911.7294999999976,-0.6412006987965072,0.17814726840855108,-1.1394273505611179,0.04081611971991452,0.012721499150803148,0.03313822013606963,0.020399398734648043,0.016696967833073128,0.02,209.32929824442974,218.04554729505801
2022-08-01,10925.155280429191,4158.5630434782615,-0.6193589073349177,0.2375296912114014,-0.897564096307212,0.0405004546296401,0.01428403428424762,0.03237433435276113,0.02241015456112659,0.01721263855394033,0.02,207.56127255313095,218.50310560858384
2022-09-01,10913.331653338571,3850.5204761904743,-0.6471727792664914,0.17339667458432304,-0.9356210651838707,0.0451868874017519,0.018230311615091102,0.031859017503709494,0.03155818151313351,0.018535757559709393,0.02,205.27752668391693,218.26663306677142
2022-10-01,10618.755320549148,3726.0509523809496,-0.6491066193821804,0.171021377672209,-0.8337202152288178,0.04897744837770461,0.02154725577905505,0.031474972753651465,0.03904973140310819,0.02042907607824228,0.02042907607824228,199.1776436071925,216.93136029973854
2022-11-01,9514.368782564565,3917.4885714285706,-0.5882555468516719,0.29691211401425177,-0.22094129274379287,0.047926498268312995,0.022469759575114812,0.03079889051920849,0.03959736732421931,0.022548117600207793,0.022548117600207793,194.10315276672122,214.53110620101165
2022-12-01,8539.752799366748,3912.380952380954,-0.5418625053560016,0.3752969121140142,0.5516434453259901,0.04468431356312487,0.022137004320810477,0.029905037773706816,0.03691628011022853,0.024716054816120606,0.024716054816120606,189.40878614002173,211.06899830526797
2023-01-01,7785.4481108867385,3960.6565000000032,-0.49127443358569933,0.43705463182897863,1.6729307821167323,0.04295239229220362,0.023028599460582364,0.028890050868899342,0.03709094088388665,0.02667979030483388,0.02667979030483388,188.78384648639033,207.71412302762323
2023-02-01,7034.161162922022,4079.6847368421018,-0.420018301777524,0.4845605700712589,2.303307345409419,0.0438091993930926,0.02591063863863411,0.02778292660834661,0.0419369114233801,0.029074698962539513,0.029074698962539513,188.60845368523678,204.51611826594467
2023-03-01,6415.0140606541245,3968.559130434782,-0.3813639233036822,0.5106888361045131,2.0396293739808122,0.04159904025484762,0.02685312760289893,0.02649728598855817,0.041954881869188373,0.031424199984590465,0.031424199984590465,188.8557728700354,201.58668474595495
2023-04-01,6020.911187989572,4121.467368421055,-0.31547447890570124,0.5748218527315915,1.9712564016015366,0.03876462843095034,0.0273579677620599,0.025327382689016915,0.04079521350399332,0.03305684648913603,0.03305684648913603,189.9933460353879,199.03233686609292
2023-05-01,5647.772728443823,4146.173181818179,-0.2658746410001863,0.6080760095011877,1.8014957370560778,0.03923018881837601,0.02865962710560475,0.02482623611266416,0.0430635798113166,0.0348787059061021,0.0348787059061021,191.59900898856935,196.98700401989595
2023-06-01,5312.53260019689,4345.372857142858,-0.182052481526078,0.669833729216152,1.8181005061495983,0.04055308664722532,0.030596987801210944,0.02437122389619198,0.04677885055224429,0.036795957640872796,0.036795957640872796,193.05858621017418,195.47972452260058
2023-07-01,4944.001587798091,4508.075499999999,-0.08817272406909571,0.7410926365795725,1.821420808740921,0.04159035203968475,0.03244128432479838,0.02385133289718705,0.050180303467296086,0.039277699701926794,0.039277699701926794,193.840720269815,194.1890096913827
2023-08-01,4606.079428061319,4457.358695652173,-0.03228792180679829,0.7743467933491687,1.665029581497272,0.0440380774002834,0.033946928697744246,0.023909102878663237,0.054075903219364396,0.041916512090113274,0.041916512090113274,194.14256466879027,193.07078403435432
2023-09-01,4361.990000204758,4409.095,0.010798970147348097,0.8076009501187649,1.5330361505096801,0.04593944221095675,0.03524238821760614,0.023878025474755753,0.05730380495380714,0.04406198071016942,0.04406198071016942,194.8031492353529,192.19791924697395
2023-10-01,4169.456594857923,4269.400909090911,0.02397058512522876,0.8218527315914489,1.359537690526618,0.04918273045872956,0.03764328370292694,0.023700003418084183,0.06312601074357233,0.046068337321874764,0.046068337321874764,197.76180697346646,192.07993286083013
2023-11-01,4042.817143242855,4460.063333333331,0.10320679251790033,0.8693586698337292,1.4560671072905331,0.047071031244253006,0.035608818783440285,0.024047099613948377,0.05863275041374491,0.047654619246001895,0.047654619246001895,201.05089814612776,192.65891164244735
2023-12-01,3968.6225653482115,4685.051500000004,0.1805233233583987,0.9002375296912114,1.5254691010640096,0.04337315632522659,0.03240359415700077,0.024456673573318,0.05132007690890936,0.04885493564589197,0.04885493564589197,204.1434468257127,193.88680003292157
2024-01-01,3893.295264350958,4815.613913043474,0.23689922959035403,0.9168646080760094,1.5114716690525738,0.043938061106785636,0.03264990163305943,0.02458700384209736,0.05200095889774771,0.05009743714704704,0.05009743714704704,202.67162369994725,195.044114800718
2024-02-01,3831.7477052190106,5011.961500000004,0.30800926511249416,0.9216152019002375,1.5425991533584138,0.04540327735667329,0.0339494385452467,0.024509581606660984,0.054843134295259,0.05117295571970362,0.05117295571970362,201.0613438556015,196.0818556482484
2024-03-01,3766.097132315442,5170.572500000002,0.37292595446710397,0.9334916864608076,1.5566190249011258,0.04566691788443023,0.03428329532320197,0.024488659284421573,0.05546155392321064,0.05229851172420547,0.05229851172420547,199.40880543780355,196.96127502889576
2024-04-01,3671.4596312935523,5112.492727272725,0.3924959663716794,0.9406175771971497,1.416612505403222,0.04878399845551967,0.035811293365105,0.02476332183332741,0.05983196998729726,0.05388490809781415,0.05388490809781415,200.4932234936915,197.83626481708768
2024-05-01,3599.4403407220602,5235.225454545455,0.45445540389072003,0.9429928741092637,1.477071318120625,0.04864500004575218,0.03526452206041147,0.025014220346894402,0.05889530175926924,0.055204218260143524,0.055204218260143524,202.01531338654888,198.70429018358598
2024-06-01,3563.2259126510944,5415.140526315784,0.5197297783139541,0.9501187648456056,1.5299921372546492,0.04715609856590691,0.034368042510947515,0.024997691966616404,0.05652644911023803,0.056016518139976344,0.056016518139976344,203.8012116813877,199.59950897285378
2024-07-01,3551.865991800688,5538.004545454543,0.5591817253913185,0.9619952494061758,1.4557274071159325,0.04680731029826196,0.033794611481803044,0.025193218051478356,0.05540870372858665,0.056452218161750556,0.056452218161750556,204.7751788007884,200.51071385043494
2024-08-01,3593.802644001245,5478.21454545455,0.5243504132311647,0.9548693586698337,1.111540241213819,0.04351348643835723,0.031240190331991484,0.025333966890810536,0.049419709879538185,0.05606420205009837,0.05606420205009837,205.81812920113367,201.48367756146354
2024-09-01,3668.593631530628,5621.260499999994,0.5322657848191992,0.9572446555819477,1.003958987618142,0.04281603044373588,0.029843613781389687,0.025829686793194487,0.04682995743193108,0.055191381423275364,0.055191381423275364,206.69602335546026,202.4747504048058
2024-10-01,3752.9002706609676,5792.31956521739,0.5434248574362559,0.9596199524940617,0.9578803464925013,0.047080819441507424,0.03108066947932314,0.026689799019893375,0.05147168990093719,0.05422018801972244,0.05422018801972244,209.86030164985561,203.4829582945049
2024-11-01,3793.6257340321686,5929.916000000003,0.5631262585561423,0.9643705463182898,0.9845070189247244,0.05003596231035392,0.03207182821004388,0.027210449187069545,0.05489734133332825,0.05390890392968772,0.05390890392968772,213.37786150564372,204.51020524113122
2024-12-01,3788.8247788645676,6010.908571428567,0.5864836518594327,0.9714964370546318,1.0633490755254347,0.05053563752910144,0.03222067788884313,0.02730116499554737,0.055455150422397195,0.054253493389145035,0.054253493389145035,216.70474504523045,205.55698009275773
2025-01-01,3773.969505240397,5979.515500000004,0.5844101261806873,0.9691211401425178,0.9750317795520097,0.052855901155004104,0.03322196578009237,0.02757937173909127,0.05849849519600521,0.05479495474733317,0.05479495474733317,217.5217216764096,206.79448825746292
2025-02-01,3791.594393311702,6038.690000000005,0.5926518961659337,0.9738717339667459,0.999014088292883,0.05086105142078747,0.03273859693109474,0.02714085776150095,0.056458790590381266,0.05492959277192668,0.05492959277192668,218.77631653723316,208.2707359809322
2025-03-01,3828.6218130575553,5683.983333333329,0.4846029748741554,0.9477434679334917,-0.7306668284134776,0.047859681336198286,0.03274585438240408,0.026010686893675652,0.05459484882492671,0.054857367347069697,0.054857367347069697,220.49733244944477,210.02811323190232
2025-04-01,3888.2072575778216,5369.4957142857165,0.3809695210616604,0.9358669833729216,-2.3591293453425886,0.046437064296301775,0.033723045004502426,0.024939564119225738,0.055220545181578456,0.054473081946593116,0.054473081946593116,221.7874555193609,211.80263256737476
2025-05-01,3929.3199684696765,5810.91952380953,0.47886137307180565,0.9453681710213777,-0.8424937127754237,0.04852501753170336,0.03437514767237861,0.025428503538680945,0.057471661665401026,0.05435444527210411,0.05435444527210411,223.29580877130252,213.5760071827709
2025-06-01,3961.5316773587874,6029.951500000002,0.522126286270229,0.9524940617577197,-0.12138584528465352,0.04903502968228088,0.03350445454016798,0.02609138990951806,0.0564480943129308,0.05434791570566183,0.05434791570566183,224.50100148499067,215.3009896664045
2025-07-01,3996.5511682856427,6296.498181818184,0.5754829393361989,0.9667458432304038,0.738454942515007,0.05014971925789355,0.032488425044991026,0.027024350250198777,0.055613794052685794,0.05436500656600343,0.05436500656600343,228.43366886654624,217.27253050521765
2025-08-01,4014.1363700019638,6408.949523809525,0.596594867006571,0.9762470308788599,0.9434060957648936,0.049512397711796836,0.031094875305035918,0.027513585120373735,0.05309368789645902,0.054671171400746836,0.054671171400746836,232.03821326271097,219.45753751034908
2025-09-01,4034.9504574960943,6584.01809523809,0.6317469482199864,0.9786223277909739,1.2557529923108144,0.048576389763610346,0.029880656248811362,0.02782371536841672,0.050633330644004985,0.05498811916841966,0.05498811916841966,235.69761237684716,221.87433659546465
2025-10-01,4064.7480657946167,6735.691739130437,0.6570994389079505,0.9857482185273159,1.3457477206227653,0.048138764198893264,0.02957590600834102,0.027855860904517082,0.0498588093027172,0.05485371245190133,0.05485371245190133,,222.96652159052
2025-11-01,4112.500188479671,6740.885789473689,0.6391210894912305,0.9833729216152018,0.9775769469626289,0.0485221247099152,0.029528288847325647,0.02799834431284147,0.05005206924439938,0.05444993977782392,0.05444993977782392,,223.92538759900762
2025-12-01,4165.356292216758,6812.629999999994,0.6355455625080235,0.9809976247030879,0.853741885489107,0.049342662457245036,0.02872527200190778,0.028592732649076063,0.04947520181007675,0.05395161072679722,0.05395161072679722,,224.72768121609397
2026-01-01,4243.122460792404,,,,,0.04998984795103003,0.028159201796242917,0.02896878227443881,0.04918026747283414,0.05317509174986629,0.05317509174986629,,225.62842615855453
2026-02-01,4317.172216307739,,,,,0.04870682240889243,0.028067942904746443,0.028540051759686807,0.04823471355395206,0.05248975199683053,0.05248975199683053,,226.60729896160043
2026-03-01,4370.429031502881,,,,,0.04941939154683002,0.028697120145050437,0.028401117740326505,0.04971539395155395,0.052083130757382794,0.052083130757382794,,227.6256267136264
2026-04-01,,,,,,0.05091268849430732,0.027719697971590254,0.029340091519238925,0.04929229494665864,0.05158910990447282,0.05158910990447282,,
2026-05-01,,,,,,0.053092498179125806,0.02731236943822891,0.03022068155135951,0.0501841860659952,0.05098182027118899,0.05098182027118899,,
2026-06-01,,,,,,0.05336071869899792,0.027025160677565805,0.03048006166943874,0.049905817707124975,0.05043663055403851,0.05043663055403851,,
2026-07-01,,,,,,0.05358664054715738,0.02734624719424938,0.030371489575439493,0.050561398165967275,0.05001559756347863,0.05001559756347863,,
